farm_id,field_id,date,soil_moisture_pct_nfk,growth_stage,crop_type,days_since_last_irrigation,previous_irrigation_mm,onfarm_rain_gauge_mm,soil_type,crop_variety_maturity,days_after_planting,irrigation_type,water_source,field_area_ha,irrigation_need
farm_4,farm_4_field_1,2026-04-15,66.4,initial,sugar_beet,8,0.0,0.0,sand,late,8,drip,farm_reservoir,13.4,0
farm_4,farm_4_field_1,2026-04-16,68.3,initial,sugar_beet,9,0.0,4.5,sand,late,9,drip,farm_reservoir,13.4,0
farm_4,farm_4_field_1,2026-04-17,73.6,initial,sugar_beet,10,0.0,0.0,sand,late,10,drip,farm_reservoir,13.4,0
farm_4,farm_4_field_1,2026-04-18,80.2,initial,sugar_beet,11,0.0,0.0,sand,late,11,drip,farm_reservoir,13.4,0
farm_4,farm_4_field_1,2026-04-19,76.2,initial,sugar_beet,12,0.0,0.0,sand,late,12,drip,farm_reservoir,13.4,0
farm_4,farm_4_field_1,2026-04-20,67.9,initial,sugar_beet,13,0.0,0.0,sand,late,13,drip,farm_reservoir,13.4,0
farm_4,farm_4_field_1,2026-04-21,66.7,initial,sugar_beet,14,0.0,0.0,sand,late,14,drip,farm_reservoir,13.4,0
farm_4,farm_4_field_1,2026-04-22,74.2,initial,sugar_beet,15,0.0,3.9,sand,late,15,drip,farm_reservoir,13.4,0
farm_4,farm_4_field_1,2026-04-23,69.1,initial,sugar_beet,16,0.0,0.1,sand,late,16,drip,farm_reservoir,13.4,0
farm_4,farm_4_field_1,2026-04-24,75.4,initial,sugar_beet,17,0.0,0.4,sand,late,17,drip,farm_reservoir,13.4,0
farm_4,farm_4_field_1,2026-04-25,69.8,initial,sugar_beet,18,0.0,0.3,sand,late,18,drip,farm_reservoir,13.4,0
farm_4,farm_4_field_1,2026-04-26,67.0,initial,sugar_beet,19,0.0,0.0,sand,late,19,drip,farm_reservoir,13.4,0
farm_4,farm_4_field_1,2026-04-27,69.9,initial,sugar_beet,20,0.0,5.3,sand,late,20,drip,farm_reservoir,13.4,0
farm_4,farm_4_field_1,2026-04-28,77.7,initial,sugar_beet,21,0.0,0.0,sand,late,21,drip,farm_reservoir,13.4,0
farm_4,farm_4_field_1,2026-04-29,73.4,initial,sugar_beet,22,0.0,0.0,sand,late,22,drip,farm_reservoir,13.4,0
farm_4,farm_4_field_1,2026-04-30,75.8,initial,sugar_beet,23,0.0,1.3,sand,late,23,drip,farm_reservoir,13.4,0
farm_4,farm_4_field_1,2026-05-01,74.7,initial,sugar_beet,24,0.0,0.0,sand,late,24,drip,farm_reservoir,13.4,0
farm_4,farm_4_field_1,2026-05-02,69.1,initial,sugar_beet,25,0.0,0.2,sand,late,25,drip,farm_reservoir,13.4,0
farm_4,farm_4_field_1,2026-05-03,71.4,initial,sugar_beet,26,0.0,2.8,sand,late,26,drip,farm_reservoir,13.4,0
farm_4,farm_4_field_1,2026-05-04,71.4,initial,sugar_beet,27,0.0,0.5,sand,late,27,drip,farm_reservoir,13.4,0
farm_4,farm_4_field_1,2026-05-05,75.3,initial,sugar_beet,28,0.0,0.2,sand,late,28,drip,farm_reservoir,13.4,0
farm_4,farm_4_field_1,2026-05-06,71.7,development,sugar_beet,29,0.0,0.0,sand,late,29,drip,farm_reservoir,13.4,0
farm_4,farm_4_field_1,2026-05-07,68.2,development,sugar_beet,30,0.0,0.0,sand,late,30,drip,farm_reservoir,13.4,0
farm_4,farm_4_field_1,2026-05-08,65.0,development,sugar_beet,31,0.0,0.0,sand,late,31,drip,farm_reservoir,13.4,0
farm_4,farm_4_field_1,2026-05-09,67.3,development,sugar_beet,32,0.0,1.0,sand,late,32,drip,farm_reservoir,13.4,0
farm_4,farm_4_field_1,2026-05-10,59.4,development,sugar_beet,33,0.0,0.0,sand,late,33,drip,farm_reservoir,13.4,0
farm_4,farm_4_field_1,2026-05-11,61.2,development,sugar_beet,34,0.0,0.1,sand,late,34,drip,farm_reservoir,13.4,0
farm_4,farm_4_field_1,2026-05-12,56.5,development,sugar_beet,35,0.0,0.0,sand,late,35,drip,farm_reservoir,13.4,0
farm_4,farm_4_field_1,2026-05-13,51.8,development,sugar_beet,36,0.0,0.2,sand,late,36,drip,farm_reservoir,13.4,0
farm_4,farm_4_field_1,2026-05-14,49.3,development,sugar_beet,37,0.0,0.0,sand,late,37,drip,farm_reservoir,13.4,0
farm_4,farm_4_field_1,2026-05-15,48.4,development,sugar_beet,38,0.0,0.0,sand,late,38,drip,farm_reservoir,13.4,1
farm_4,farm_4_field_1,2026-05-16,40.9,development,sugar_beet,39,0.0,0.0,sand,late,39,drip,farm_reservoir,13.4,1
farm_4,farm_4_field_1,2026-05-17,64.0,development,sugar_beet,1,18.0,6.7,sand,late,40,drip,farm_reservoir,13.4,0
farm_4,farm_4_field_1,2026-05-18,73.9,development,sugar_beet,2,18.0,0.8,sand,late,41,drip,farm_reservoir,13.4,0
farm_4,farm_4_field_1,2026-05-19,68.8,development,sugar_beet,3,18.0,9.5,sand,late,42,drip,farm_reservoir,13.4,0
farm_4,farm_4_field_1,2026-05-20,75.8,development,sugar_beet,4,18.0,0.5,sand,late,43,drip,farm_reservoir,13.4,0
farm_4,farm_4_field_1,2026-05-21,71.8,development,sugar_beet,5,18.0,5.3,sand,late,44,drip,farm_reservoir,13.4,0
farm_4,farm_4_field_1,2026-05-22,78.8,development,sugar_beet,6,18.0,0.1,sand,late,45,drip,farm_reservoir,13.4,0
farm_4,farm_4_field_1,2026-05-23,79.3,development,sugar_beet,7,18.0,0.5,sand,late,46,drip,farm_reservoir,13.4,0
farm_4,farm_4_field_1,2026-05-24,67.5,development,sugar_beet,8,18.0,0.4,sand,late,47,drip,farm_reservoir,13.4,0
farm_4,farm_4_field_1,2026-05-25,71.3,development,sugar_beet,9,18.0,3.8,sand,late,48,drip,farm_reservoir,13.4,0
farm_4,farm_4_field_1,2026-05-26,68.0,development,sugar_beet,10,18.0,0.4,sand,late,49,drip,farm_reservoir,13.4,0
farm_4,farm_4_field_1,2026-05-27,73.1,development,sugar_beet,11,18.0,0.3,sand,late,50,drip,farm_reservoir,13.4,0
farm_4,farm_4_field_1,2026-05-28,59.8,development,sugar_beet,12,18.0,0.2,sand,late,51,drip,farm_reservoir,13.4,0
farm_4,farm_4_field_1,2026-05-29,58.5,development,sugar_beet,13,18.0,0.6,sand,late,52,drip,farm_reservoir,13.4,0
farm_4,farm_4_field_1,2026-05-30,53.7,development,sugar_beet,14,18.0,0.3,sand,late,53,drip,farm_reservoir,13.4,0
farm_4,farm_4_field_1,2026-05-31,54.4,development,sugar_beet,15,18.0,0.0,sand,late,54,drip,farm_reservoir,13.4,0
farm_4,farm_4_field_1,2026-06-01,45.6,development,sugar_beet,16,18.0,0.0,sand,late,55,drip,farm_reservoir,13.4,1
farm_4,farm_4_field_1,2026-06-02,37.1,development,sugar_beet,17,18.0,0.0,sand,late,56,drip,farm_reservoir,13.4,1
farm_4,farm_4_field_1,2026-06-03,65.0,development,sugar_beet,1,18.0,0.0,sand,late,57,drip,farm_reservoir,13.4,0
farm_4,farm_4_field_1,2026-06-04,59.0,development,sugar_beet,2,18.0,0.0,sand,late,58,drip,farm_reservoir,13.4,0
farm_4,farm_4_field_1,2026-06-05,55.6,development,sugar_beet,3,18.0,0.0,sand,late,59,drip,farm_reservoir,13.4,0
farm_4,farm_4_field_1,2026-06-06,54.3,development,sugar_beet,4,18.0,0.0,sand,late,60,drip,farm_reservoir,13.4,0
farm_4,farm_4_field_1,2026-06-07,43.3,development,sugar_beet,5,18.0,20.1,sand,late,61,drip,farm_reservoir,13.4,1
farm_4,farm_4_field_1,2026-06-08,96.3,development,sugar_beet,1,18.0,20.2,sand,late,62,drip,farm_reservoir,13.4,0
farm_4,farm_4_field_1,2026-06-09,100.0,development,sugar_beet,2,18.0,0.0,sand,late,63,drip,farm_reservoir,13.4,0
farm_4,farm_4_field_1,2026-06-10,95.0,development,sugar_beet,3,18.0,0.3,sand,late,64,drip,farm_reservoir,13.4,0
farm_4,farm_4_field_1,2026-06-11,95.4,development,sugar_beet,4,18.0,0.1,sand,late,65,drip,farm_reservoir,13.4,0
farm_4,farm_4_field_1,2026-06-12,87.9,development,sugar_beet,5,18.0,0.0,sand,late,66,drip,farm_reservoir,13.4,0
farm_4,farm_4_field_1,2026-06-13,83.0,development,sugar_beet,6,18.0,0.0,sand,late,67,drip,farm_reservoir,13.4,0
farm_4,farm_4_field_1,2026-06-14,77.8,development,sugar_beet,7,18.0,0.2,sand,late,68,drip,farm_reservoir,13.4,0
farm_4,farm_4_field_1,2026-06-15,75.2,sensitive,sugar_beet,8,18.0,0.9,sand,late,69,drip,farm_reservoir,13.4,0
farm_4,farm_4_field_1,2026-06-16,75.6,sensitive,sugar_beet,9,18.0,0.2,sand,late,70,drip,farm_reservoir,13.4,0
farm_4,farm_4_field_1,2026-06-17,61.8,sensitive,sugar_beet,10,18.0,2.7,sand,late,71,drip,farm_reservoir,13.4,0
farm_4,farm_4_field_1,2026-06-18,61.4,sensitive,sugar_beet,11,18.0,24.4,sand,late,72,drip,farm_reservoir,13.4,0
farm_4,farm_4_field_1,2026-06-19,91.1,sensitive,sugar_beet,12,18.0,0.0,sand,late,73,drip,farm_reservoir,13.4,0
farm_4,farm_4_field_1,2026-06-20,84.2,sensitive,sugar_beet,13,18.0,0.1,sand,late,74,drip,farm_reservoir,13.4,0
farm_4,farm_4_field_1,2026-06-21,76.1,sensitive,sugar_beet,14,18.0,0.3,sand,late,75,drip,farm_reservoir,13.4,0
farm_4,farm_4_field_1,2026-06-22,71.6,sensitive,sugar_beet,15,18.0,0.1,sand,late,76,drip,farm_reservoir,13.4,0
farm_4,farm_4_field_1,2026-06-23,61.6,sensitive,sugar_beet,16,18.0,0.0,sand,late,77,drip,farm_reservoir,13.4,0
farm_4,farm_4_field_1,2026-06-24,53.1,sensitive,sugar_beet,17,18.0,0.0,sand,late,78,drip,farm_reservoir,13.4,0
farm_4,farm_4_field_1,2026-06-25,47.7,sensitive,sugar_beet,18,18.0,0.0,sand,late,79,drip,farm_reservoir,13.4,1
farm_4,farm_4_field_1,2026-06-26,66.1,sensitive,sugar_beet,1,18.0,0.0,sand,late,80,drip,farm_reservoir,13.4,0
farm_4,farm_4_field_1,2026-06-27,58.4,sensitive,sugar_beet,2,18.0,0.1,sand,late,81,drip,farm_reservoir,13.4,0
farm_4,farm_4_field_1,2026-06-28,55.9,sensitive,sugar_beet,3,18.0,2.6,sand,late,82,drip,farm_reservoir,13.4,0
farm_4,farm_4_field_1,2026-06-29,54.6,sensitive,sugar_beet,4,18.0,0.2,sand,late,83,drip,farm_reservoir,13.4,1
farm_4,farm_4_field_1,2026-06-30,40.8,sensitive,sugar_beet,5,18.0,0.3,sand,late,84,drip,farm_reservoir,13.4,1
farm_4,farm_4_field_1,2026-07-01,39.7,sensitive,sugar_beet,6,18.0,0.0,sand,late,85,drip,farm_reservoir,13.4,2
farm_4,farm_4_field_1,2026-07-02,53.8,sensitive,sugar_beet,1,18.0,0.2,sand,late,86,drip,farm_reservoir,13.4,0
farm_4,farm_4_field_1,2026-07-03,53.6,sensitive,sugar_beet,2,18.0,0.0,sand,late,87,drip,farm_reservoir,13.4,1
farm_4,farm_4_field_1,2026-07-04,39.6,sensitive,sugar_beet,3,18.0,0.0,sand,late,88,drip,farm_reservoir,13.4,1
farm_4,farm_4_field_1,2026-07-05,36.5,sensitive,sugar_beet,4,18.0,0.0,sand,late,89,drip,farm_reservoir,13.4,2
farm_4,farm_4_field_1,2026-07-06,52.2,sensitive,sugar_beet,1,18.0,0.2,sand,late,90,drip,farm_reservoir,13.4,1
farm_4,farm_4_field_1,2026-07-07,72.7,sensitive,sugar_beet,1,18.0,0.3,sand,late,91,drip,farm_reservoir,13.4,0
farm_4,farm_4_field_1,2026-07-08,58.1,sensitive,sugar_beet,2,18.0,1.1,sand,late,92,drip,farm_reservoir,13.4,0
farm_4,farm_4_field_1,2026-07-09,54.3,sensitive,sugar_beet,3,18.0,4.5,sand,late,93,drip,farm_reservoir,13.4,0
farm_4,farm_4_field_1,2026-07-10,54.8,sensitive,sugar_beet,4,18.0,0.0,sand,late,94,drip,farm_reservoir,13.4,0
farm_4,farm_4_field_1,2026-07-11,48.7,sensitive,sugar_beet,5,18.0,0.0,sand,late,95,drip,farm_reservoir,13.4,1
farm_4,farm_4_field_1,2026-07-12,38.5,sensitive,sugar_beet,6,18.0,0.2,sand,late,96,drip,farm_reservoir,13.4,1
farm_4,farm_4_field_1,2026-07-13,31.4,sensitive,sugar_beet,7,18.0,0.0,sand,late,97,drip,farm_reservoir,13.4,2
farm_4,farm_4_field_1,2026-07-14,49.5,sensitive,sugar_beet,1,18.0,0.0,sand,late,98,drip,farm_reservoir,13.4,0
farm_4,farm_4_field_1,2026-07-15,52.9,sensitive,sugar_beet,2,18.0,0.8,sand,late,99,drip,farm_reservoir,13.4,1
farm_4,farm_4_field_1,2026-07-16,43.1,sensitive,sugar_beet,3,18.0,0.1,sand,late,100,drip,farm_reservoir,13.4,1
farm_4,farm_4_field_1,2026-07-17,61.3,sensitive,sugar_beet,1,18.0,0.0,sand,late,101,drip,farm_reservoir,13.4,0
farm_4,farm_4_field_1,2026-07-18,58.5,sensitive,sugar_beet,2,18.0,0.1,sand,late,102,drip,farm_reservoir,13.4,1
farm_4,farm_4_field_1,2026-07-19,66.7,sensitive,sugar_beet,1,18.0,0.0,sand,late,103,drip,farm_reservoir,13.4,0
farm_4,farm_4_field_1,2026-07-20,62.1,sensitive,sugar_beet,2,18.0,0.3,sand,late,104,drip,farm_reservoir,13.4,0
farm_4,farm_4_field_1,2026-07-21,57.3,sensitive,sugar_beet,3,18.0,0.0,sand,late,105,drip,farm_reservoir,13.4,0
farm_4,farm_4_field_1,2026-07-22,49.1,sensitive,sugar_beet,4,18.0,0.1,sand,late,106,drip,farm_reservoir,13.4,1
farm_4,farm_4_field_1,2026-07-23,37.8,sensitive,sugar_beet,5,18.0,0.2,sand,late,107,drip,farm_reservoir,13.4,1
farm_4,farm_4_field_1,2026-07-24,37.0,sensitive,sugar_beet,6,18.0,0.0,sand,late,108,drip,farm_reservoir,13.4,2
farm_4,farm_4_field_1,2026-07-25,47.6,sensitive,sugar_beet,1,18.0,0.4,sand,late,109,drip,farm_reservoir,13.4,1
farm_4,farm_4_field_1,2026-07-26,47.5,sensitive,sugar_beet,2,18.0,0.0,sand,late,110,drip,farm_reservoir,13.4,1
farm_4,farm_4_field_1,2026-07-27,40.4,sensitive,sugar_beet,3,18.0,2.8,sand,late,111,drip,farm_reservoir,13.4,2
farm_4,farm_4_field_1,2026-07-28,60.9,sensitive,sugar_beet,1,18.0,0.2,sand,late,112,drip,farm_reservoir,13.4,0
farm_4,farm_4_field_1,2026-07-29,57.5,sensitive,sugar_beet,2,18.0,7.3,sand,late,113,drip,farm_reservoir,13.4,0
farm_4,farm_4_field_1,2026-07-30,55.7,sensitive,sugar_beet,3,18.0,0.8,sand,late,114,drip,farm_reservoir,13.4,0
farm_4,farm_4_field_1,2026-07-31,57.9,sensitive,sugar_beet,4,18.0,0.6,sand,late,115,drip,farm_reservoir,13.4,1
farm_4,farm_4_field_1,2026-08-01,45.9,sensitive,sugar_beet,5,18.0,0.0,sand,late,116,drip,farm_reservoir,13.4,1
farm_4,farm_4_field_1,2026-08-02,37.8,sensitive,sugar_beet,6,18.0,0.0,sand,late,117,drip,farm_reservoir,13.4,2
farm_4,farm_4_field_1,2026-08-03,55.4,sensitive,sugar_beet,1,18.0,0.9,sand,late,118,drip,farm_reservoir,13.4,0
farm_4,farm_4_field_1,2026-08-04,48.2,sensitive,sugar_beet,2,18.0,0.4,sand,late,119,drip,farm_reservoir,13.4,1
farm_4,farm_4_field_1,2026-08-05,65.6,sensitive,sugar_beet,1,18.0,0.0,sand,late,120,drip,farm_reservoir,13.4,0
farm_4,farm_4_field_1,2026-08-06,62.3,sensitive,sugar_beet,2,18.0,8.9,sand,late,121,drip,farm_reservoir,13.4,0
farm_4,farm_4_field_1,2026-08-07,73.2,sensitive,sugar_beet,3,18.0,0.2,sand,late,122,drip,farm_reservoir,13.4,0
farm_4,farm_4_field_1,2026-08-08,61.7,sensitive,sugar_beet,4,18.0,0.1,sand,late,123,drip,farm_reservoir,13.4,0
farm_4,farm_4_field_1,2026-08-09,49.0,sensitive,sugar_beet,5,18.0,0.5,sand,late,124,drip,farm_reservoir,13.4,0
farm_4,farm_4_field_1,2026-08-10,50.9,sensitive,sugar_beet,6,18.0,0.0,sand,late,125,drip,farm_reservoir,13.4,1
farm_4,farm_4_field_1,2026-08-11,42.1,late,sugar_beet,7,18.0,1.7,sand,late,126,drip,farm_reservoir,13.4,0
farm_4,farm_4_field_1,2026-08-12,42.1,late,sugar_beet,8,18.0,0.4,sand,late,127,drip,farm_reservoir,13.4,1
farm_4,farm_4_field_1,2026-08-13,55.9,late,sugar_beet,1,18.0,0.0,sand,late,128,drip,farm_reservoir,13.4,0
farm_4,farm_4_field_1,2026-08-14,57.4,late,sugar_beet,2,18.0,0.0,sand,late,129,drip,farm_reservoir,13.4,0
farm_4,farm_4_field_1,2026-08-15,50.3,late,sugar_beet,3,18.0,0.0,sand,late,130,drip,farm_reservoir,13.4,0
farm_4,farm_4_field_1,2026-08-16,49.3,late,sugar_beet,4,18.0,0.0,sand,late,131,drip,farm_reservoir,13.4,0
farm_4,farm_4_field_1,2026-08-17,43.6,late,sugar_beet,5,18.0,0.0,sand,late,132,drip,farm_reservoir,13.4,0
farm_4,farm_4_field_1,2026-08-18,41.4,late,sugar_beet,6,18.0,0.0,sand,late,133,drip,farm_reservoir,13.4,0
farm_4,farm_4_field_1,2026-08-19,31.8,late,sugar_beet,7,18.0,0.0,sand,late,134,drip,farm_reservoir,13.4,1
farm_4,farm_4_field_1,2026-08-20,62.5,late,sugar_beet,1,18.0,0.5,sand,late,135,drip,farm_reservoir,13.4,0
farm_4,farm_4_field_1,2026-08-21,57.9,late,sugar_beet,2,18.0,0.2,sand,late,136,drip,farm_reservoir,13.4,0
farm_4,farm_4_field_1,2026-08-22,50.0,late,sugar_beet,3,18.0,0.0,sand,late,137,drip,farm_reservoir,13.4,0
farm_4,farm_4_field_1,2026-08-23,44.3,late,sugar_beet,4,18.0,0.0,sand,late,138,drip,farm_reservoir,13.4,0
farm_4,farm_4_field_1,2026-08-24,39.2,late,sugar_beet,5,18.0,0.4,sand,late,139,drip,farm_reservoir,13.4,0
farm_4,farm_4_field_1,2026-08-25,41.4,late,sugar_beet,6,18.0,0.0,sand,late,140,drip,farm_reservoir,13.4,0
farm_4,farm_4_field_1,2026-08-26,39.7,late,sugar_beet,7,18.0,0.0,sand,late,141,drip,farm_reservoir,13.4,1
farm_4,farm_4_field_1,2026-08-27,32.8,late,sugar_beet,8,18.0,0.0,sand,late,142,drip,farm_reservoir,13.4,1
farm_4,farm_4_field_1,2026-08-28,29.7,late,sugar_beet,9,18.0,16.1,sand,late,143,drip,farm_reservoir,13.4,1
farm_4,farm_4_field_1,2026-08-29,46.7,late,sugar_beet,10,18.0,0.0,sand,late,144,drip,farm_reservoir,13.4,0
farm_4,farm_4_field_1,2026-08-30,43.6,late,sugar_beet,11,18.0,0.2,sand,late,145,drip,farm_reservoir,13.4,0
farm_4,farm_4_field_1,2026-08-31,40.8,late,sugar_beet,12,18.0,0.5,sand,late,146,drip,farm_reservoir,13.4,0
farm_4,farm_4_field_1,2026-09-01,49.2,late,sugar_beet,13,18.0,0.0,sand,late,147,drip,farm_reservoir,13.4,0
farm_4,farm_4_field_1,2026-09-02,34.5,late,sugar_beet,14,18.0,0.1,sand,late,148,drip,farm_reservoir,13.4,1
farm_4,farm_4_field_1,2026-09-03,60.0,late,sugar_beet,1,18.0,0.4,sand,late,149,drip,farm_reservoir,13.4,0
farm_4,farm_4_field_1,2026-09-04,57.1,late,sugar_beet,2,18.0,0.3,sand,late,150,drip,farm_reservoir,13.4,0
farm_4,farm_4_field_1,2026-09-05,56.3,late,sugar_beet,3,18.0,0.0,sand,late,151,drip,farm_reservoir,13.4,0
farm_4,farm_4_field_1,2026-09-06,52.1,late,sugar_beet,4,18.0,0.0,sand,late,152,drip,farm_reservoir,13.4,0
farm_4,farm_4_field_1,2026-09-07,49.7,late,sugar_beet,5,18.0,0.0,sand,late,153,drip,farm_reservoir,13.4,0
farm_4,farm_4_field_1,2026-09-08,40.7,late,sugar_beet,6,18.0,0.2,sand,late,154,drip,farm_reservoir,13.4,0
farm_4,farm_4_field_1,2026-09-09,39.1,late,sugar_beet,7,18.0,0.1,sand,late,155,drip,farm_reservoir,13.4,0
farm_4,farm_4_field_1,2026-09-10,31.7,late,sugar_beet,8,18.0,0.3,sand,late,156,drip,farm_reservoir,13.4,1
farm_4,farm_4_field_1,2026-09-11,29.6,late,sugar_beet,9,18.0,0.6,sand,late,157,drip,farm_reservoir,13.4,1
farm_4,farm_4_field_1,2026-09-12,62.2,late,sugar_beet,1,18.0,0.1,sand,late,158,drip,farm_reservoir,13.4,0
farm_4,farm_4_field_1,2026-09-13,53.4,late,sugar_beet,2,18.0,0.0,sand,late,159,drip,farm_reservoir,13.4,0
farm_4,farm_4_field_1,2026-09-14,47.3,late,sugar_beet,3,18.0,2.0,sand,late,160,drip,farm_reservoir,13.4,0
farm_4,farm_4_field_1,2026-09-15,56.1,late,sugar_beet,4,18.0,0.2,sand,late,161,drip,farm_reservoir,13.4,0
farm_4,farm_4_field_1,2026-09-16,44.5,late,sugar_beet,5,18.0,4.7,sand,late,162,drip,farm_reservoir,13.4,0
farm_4,farm_4_field_1,2026-09-17,49.4,late,sugar_beet,6,18.0,2.0,sand,late,163,drip,farm_reservoir,13.4,0
farm_4,farm_4_field_1,2026-09-18,50.4,late,sugar_beet,7,18.0,0.0,sand,late,164,drip,farm_reservoir,13.4,0
farm_4,farm_4_field_1,2026-09-19,46.5,late,sugar_beet,8,18.0,0.0,sand,late,165,drip,farm_reservoir,13.4,0
farm_4,farm_4_field_1,2026-09-20,42.4,late,sugar_beet,9,18.0,0.1,sand,late,166,drip,farm_reservoir,13.4,0
farm_4,farm_4_field_1,2026-09-21,37.4,late,sugar_beet,10,18.0,0.0,sand,late,167,drip,farm_reservoir,13.4,0
farm_4,farm_4_field_1,2026-09-22,37.4,late,sugar_beet,11,18.0,0.2,sand,late,168,drip,farm_reservoir,13.4,0
farm_4,farm_4_field_1,2026-09-23,36.6,late,sugar_beet,12,18.0,0.0,sand,late,169,drip,farm_reservoir,13.4,1
farm_4,farm_4_field_1,2026-09-24,33.7,late,sugar_beet,13,18.0,0.0,sand,late,170,drip,farm_reservoir,13.4,1
farm_4,farm_4_field_1,2026-09-25,59.4,late,sugar_beet,1,18.0,0.0,sand,late,171,drip,farm_reservoir,13.4,0
farm_4,farm_4_field_1,2026-09-26,46.5,late,sugar_beet,2,18.0,0.5,sand,late,172,drip,farm_reservoir,13.4,0
farm_4,farm_4_field_1,2026-09-27,48.9,late,sugar_beet,3,18.0,0.0,sand,late,173,drip,farm_reservoir,13.4,0
farm_4,farm_4_field_1,2026-09-28,51.8,late,sugar_beet,4,18.0,0.0,sand,late,174,drip,farm_reservoir,13.4,0
farm_4,farm_4_field_1,2026-09-29,48.9,late,sugar_beet,5,18.0,0.0,sand,late,175,drip,farm_reservoir,13.4,0
farm_4,farm_4_field_1,2026-09-30,45.5,late,sugar_beet,6,18.0,0.2,sand,late,176,drip,farm_reservoir,13.4,0
farm_4,farm_4_field_2,2026-04-15,61.6,initial,potato,6,0.0,0.0,loam,late,6,hose_reel,farm_reservoir,4.1,0
farm_4,farm_4_field_2,2026-04-16,61.7,initial,potato,7,0.0,4.5,loam,late,7,hose_reel,farm_reservoir,4.1,0
farm_4,farm_4_field_2,2026-04-17,64.4,initial,potato,8,0.0,0.0,loam,late,8,hose_reel,farm_reservoir,4.1,0
farm_4,farm_4_field_2,2026-04-18,60.8,initial,potato,9,0.0,0.0,loam,late,9,hose_reel,farm_reservoir,4.1,0
farm_4,farm_4_field_2,2026-04-19,54.7,initial,potato,10,0.0,0.0,loam,late,10,hose_reel,farm_reservoir,4.1,0
farm_4,farm_4_field_2,2026-04-20,58.3,initial,potato,11,0.0,0.0,loam,late,11,hose_reel,farm_reservoir,4.1,0
farm_4,farm_4_field_2,2026-04-21,56.9,initial,potato,12,0.0,0.0,loam,late,12,hose_reel,farm_reservoir,4.1,0
farm_4,farm_4_field_2,2026-04-22,61.6,initial,potato,13,0.0,3.9,loam,late,13,hose_reel,farm_reservoir,4.1,0
farm_4,farm_4_field_2,2026-04-23,55.4,initial,potato,14,0.0,0.1,loam,late,14,hose_reel,farm_reservoir,4.1,0
farm_4,farm_4_field_2,2026-04-24,54.1,initial,potato,15,0.0,0.4,loam,late,15,hose_reel,farm_reservoir,4.1,0
farm_4,farm_4_field_2,2026-04-25,54.4,initial,potato,16,0.0,0.3,loam,late,16,hose_reel,farm_reservoir,4.1,0
farm_4,farm_4_field_2,2026-04-26,57.2,initial,potato,17,0.0,0.0,loam,late,17,hose_reel,farm_reservoir,4.1,0
farm_4,farm_4_field_2,2026-04-27,54.7,initial,potato,18,0.0,5.3,loam,late,18,hose_reel,farm_reservoir,4.1,0
farm_4,farm_4_field_2,2026-04-28,57.2,initial,potato,19,0.0,0.0,loam,late,19,hose_reel,farm_reservoir,4.1,0
farm_4,farm_4_field_2,2026-04-29,58.9,initial,potato,20,0.0,0.0,loam,late,20,hose_reel,farm_reservoir,4.1,0
farm_4,farm_4_field_2,2026-04-30,55.6,initial,potato,21,0.0,1.3,loam,late,21,hose_reel,farm_reservoir,4.1,0
farm_4,farm_4_field_2,2026-05-01,56.6,initial,potato,22,0.0,0.0,loam,late,22,hose_reel,farm_reservoir,4.1,0
farm_4,farm_4_field_2,2026-05-02,52.2,initial,potato,23,0.0,0.2,loam,late,23,hose_reel,farm_reservoir,4.1,0
farm_4,farm_4_field_2,2026-05-03,50.9,initial,potato,24,0.0,2.8,loam,late,24,hose_reel,farm_reservoir,4.1,0
farm_4,farm_4_field_2,2026-05-04,58.3,initial,potato,25,0.0,0.5,loam,late,25,hose_reel,farm_reservoir,4.1,0
farm_4,farm_4_field_2,2026-05-05,52.2,initial,potato,26,0.0,0.2,loam,late,26,hose_reel,farm_reservoir,4.1,0
farm_4,farm_4_field_2,2026-05-06,55.0,initial,potato,27,0.0,0.0,loam,late,27,hose_reel,farm_reservoir,4.1,0
farm_4,farm_4_field_2,2026-05-07,49.6,initial,potato,28,0.0,0.0,loam,late,28,hose_reel,farm_reservoir,4.1,0
farm_4,farm_4_field_2,2026-05-08,55.9,development,potato,29,0.0,0.0,loam,late,29,hose_reel,farm_reservoir,4.1,0
farm_4,farm_4_field_2,2026-05-09,50.6,development,potato,30,0.0,1.0,loam,late,30,hose_reel,farm_reservoir,4.1,0
farm_4,farm_4_field_2,2026-05-10,49.0,development,potato,31,0.0,0.0,loam,late,31,hose_reel,farm_reservoir,4.1,0
farm_4,farm_4_field_2,2026-05-11,52.7,development,potato,32,0.0,0.1,loam,late,32,hose_reel,farm_reservoir,4.1,0
farm_4,farm_4_field_2,2026-05-12,46.7,development,potato,33,0.0,0.0,loam,late,33,hose_reel,farm_reservoir,4.1,1
farm_4,farm_4_field_2,2026-05-13,50.0,development,potato,34,0.0,0.2,loam,late,34,hose_reel,farm_reservoir,4.1,1
farm_4,farm_4_field_2,2026-05-14,39.3,development,potato,35,0.0,0.0,loam,late,35,hose_reel,farm_reservoir,4.1,1
farm_4,farm_4_field_2,2026-05-15,63.5,development,potato,1,40.0,0.0,loam,late,36,hose_reel,farm_reservoir,4.1,0
farm_4,farm_4_field_2,2026-05-16,67.2,development,potato,2,40.0,0.0,loam,late,37,hose_reel,farm_reservoir,4.1,0
farm_4,farm_4_field_2,2026-05-17,67.2,development,potato,3,40.0,6.7,loam,late,38,hose_reel,farm_reservoir,4.1,0
farm_4,farm_4_field_2,2026-05-18,70.8,development,potato,4,40.0,0.8,loam,late,39,hose_reel,farm_reservoir,4.1,0
farm_4,farm_4_field_2,2026-05-19,71.4,development,potato,5,40.0,9.5,loam,late,40,hose_reel,farm_reservoir,4.1,0
farm_4,farm_4_field_2,2026-05-20,66.8,development,potato,6,40.0,0.5,loam,late,41,hose_reel,farm_reservoir,4.1,0
farm_4,farm_4_field_2,2026-05-21,65.0,development,potato,7,40.0,5.3,loam,late,42,hose_reel,farm_reservoir,4.1,0
farm_4,farm_4_field_2,2026-05-22,69.5,development,potato,8,40.0,0.1,loam,late,43,hose_reel,farm_reservoir,4.1,0
farm_4,farm_4_field_2,2026-05-23,70.7,development,potato,9,40.0,0.5,loam,late,44,hose_reel,farm_reservoir,4.1,0
farm_4,farm_4_field_2,2026-05-24,68.8,development,potato,10,40.0,0.4,loam,late,45,hose_reel,farm_reservoir,4.1,0
farm_4,farm_4_field_2,2026-05-25,64.2,development,potato,11,40.0,3.8,loam,late,46,hose_reel,farm_reservoir,4.1,0
farm_4,farm_4_field_2,2026-05-26,63.8,development,potato,12,40.0,0.4,loam,late,47,hose_reel,farm_reservoir,4.1,0
farm_4,farm_4_field_2,2026-05-27,62.3,development,potato,13,40.0,0.3,loam,late,48,hose_reel,farm_reservoir,4.1,0
farm_4,farm_4_field_2,2026-05-28,60.1,development,potato,14,40.0,0.2,loam,late,49,hose_reel,farm_reservoir,4.1,0
farm_4,farm_4_field_2,2026-05-29,61.2,development,potato,15,40.0,0.6,loam,late,50,hose_reel,farm_reservoir,4.1,0
farm_4,farm_4_field_2,2026-05-30,61.5,development,potato,16,40.0,0.3,loam,late,51,hose_reel,farm_reservoir,4.1,0
farm_4,farm_4_field_2,2026-05-31,56.8,development,potato,17,40.0,0.0,loam,late,52,hose_reel,farm_reservoir,4.1,0
farm_4,farm_4_field_2,2026-06-01,48.4,development,potato,18,40.0,0.0,loam,late,53,hose_reel,farm_reservoir,4.1,0
farm_4,farm_4_field_2,2026-06-02,49.1,development,potato,19,40.0,0.0,loam,late,54,hose_reel,farm_reservoir,4.1,0
farm_4,farm_4_field_2,2026-06-03,47.2,development,potato,20,40.0,0.0,loam,late,55,hose_reel,farm_reservoir,4.1,0
farm_4,farm_4_field_2,2026-06-04,47.3,development,potato,21,40.0,0.0,loam,late,56,hose_reel,farm_reservoir,4.1,1
farm_4,farm_4_field_2,2026-06-05,71.9,development,potato,1,40.0,0.0,loam,late,57,hose_reel,farm_reservoir,4.1,0
farm_4,farm_4_field_2,2026-06-06,70.8,development,potato,2,40.0,0.0,loam,late,58,hose_reel,farm_reservoir,4.1,0
farm_4,farm_4_field_2,2026-06-07,70.6,development,potato,3,40.0,20.1,loam,late,59,hose_reel,farm_reservoir,4.1,0
farm_4,farm_4_field_2,2026-06-08,80.1,development,potato,4,40.0,20.2,loam,late,60,hose_reel,farm_reservoir,4.1,0
farm_4,farm_4_field_2,2026-06-09,97.8,development,potato,5,40.0,0.0,loam,late,61,hose_reel,farm_reservoir,4.1,0
farm_4,farm_4_field_2,2026-06-10,95.2,development,potato,6,40.0,0.3,loam,late,62,hose_reel,farm_reservoir,4.1,0
farm_4,farm_4_field_2,2026-06-11,87.3,sensitive,potato,7,40.0,0.1,loam,late,63,hose_reel,farm_reservoir,4.1,0
farm_4,farm_4_field_2,2026-06-12,86.7,sensitive,potato,8,40.0,0.0,loam,late,64,hose_reel,farm_reservoir,4.1,0
farm_4,farm_4_field_2,2026-06-13,82.6,sensitive,potato,9,40.0,0.0,loam,late,65,hose_reel,farm_reservoir,4.1,0
farm_4,farm_4_field_2,2026-06-14,72.6,sensitive,potato,10,40.0,0.2,loam,late,66,hose_reel,farm_reservoir,4.1,0
farm_4,farm_4_field_2,2026-06-15,73.0,sensitive,potato,11,40.0,0.9,loam,late,67,hose_reel,farm_reservoir,4.1,0
farm_4,farm_4_field_2,2026-06-16,65.0,sensitive,potato,12,40.0,0.2,loam,late,68,hose_reel,farm_reservoir,4.1,0
farm_4,farm_4_field_2,2026-06-17,67.8,sensitive,potato,13,40.0,2.7,loam,late,69,hose_reel,farm_reservoir,4.1,0
farm_4,farm_4_field_2,2026-06-18,63.9,sensitive,potato,14,40.0,24.4,loam,late,70,hose_reel,farm_reservoir,4.1,0
farm_4,farm_4_field_2,2026-06-19,84.0,sensitive,potato,15,40.0,0.0,loam,late,71,hose_reel,farm_reservoir,4.1,0
farm_4,farm_4_field_2,2026-06-20,79.0,sensitive,potato,16,40.0,0.1,loam,late,72,hose_reel,farm_reservoir,4.1,0
farm_4,farm_4_field_2,2026-06-21,71.2,sensitive,potato,17,40.0,0.3,loam,late,73,hose_reel,farm_reservoir,4.1,0
farm_4,farm_4_field_2,2026-06-22,75.5,sensitive,potato,18,40.0,0.1,loam,late,74,hose_reel,farm_reservoir,4.1,0
farm_4,farm_4_field_2,2026-06-23,70.7,sensitive,potato,19,40.0,0.0,loam,late,75,hose_reel,farm_reservoir,4.1,0
farm_4,farm_4_field_2,2026-06-24,66.5,sensitive,potato,20,40.0,0.0,loam,late,76,hose_reel,farm_reservoir,4.1,0
farm_4,farm_4_field_2,2026-06-25,56.0,sensitive,potato,21,40.0,0.0,loam,late,77,hose_reel,farm_reservoir,4.1,0
farm_4,farm_4_field_2,2026-06-26,58.9,sensitive,potato,22,40.0,0.0,loam,late,78,hose_reel,farm_reservoir,4.1,0
farm_4,farm_4_field_2,2026-06-27,57.6,sensitive,potato,23,40.0,0.1,loam,late,79,hose_reel,farm_reservoir,4.1,1
farm_4,farm_4_field_2,2026-06-28,55.0,sensitive,potato,24,40.0,2.6,loam,late,80,hose_reel,farm_reservoir,4.1,1
farm_4,farm_4_field_2,2026-06-29,51.0,sensitive,potato,25,40.0,0.2,loam,late,81,hose_reel,farm_reservoir,4.1,1
farm_4,farm_4_field_2,2026-06-30,48.5,sensitive,potato,26,40.0,0.3,loam,late,82,hose_reel,farm_reservoir,4.1,1
farm_4,farm_4_field_2,2026-07-01,76.7,sensitive,potato,1,40.0,0.0,loam,late,83,hose_reel,farm_reservoir,4.1,0
farm_4,farm_4_field_2,2026-07-02,65.0,sensitive,potato,2,40.0,0.2,loam,late,84,hose_reel,farm_reservoir,4.1,0
farm_4,farm_4_field_2,2026-07-03,63.0,sensitive,potato,3,40.0,0.0,loam,late,85,hose_reel,farm_reservoir,4.1,0
farm_4,farm_4_field_2,2026-07-04,61.2,sensitive,potato,4,40.0,0.0,loam,late,86,hose_reel,farm_reservoir,4.1,0
farm_4,farm_4_field_2,2026-07-05,55.6,sensitive,potato,5,40.0,0.0,loam,late,87,hose_reel,farm_reservoir,4.1,1
farm_4,farm_4_field_2,2026-07-06,77.6,sensitive,potato,1,35.8,0.2,loam,late,88,hose_reel,farm_reservoir,4.1,0
farm_4,farm_4_field_2,2026-07-07,69.2,sensitive,potato,2,35.8,0.3,loam,late,89,hose_reel,farm_reservoir,4.1,0
farm_4,farm_4_field_2,2026-07-08,66.9,sensitive,potato,3,35.8,1.1,loam,late,90,hose_reel,farm_reservoir,4.1,0
farm_4,farm_4_field_2,2026-07-09,64.5,sensitive,potato,4,35.8,4.5,loam,late,91,hose_reel,farm_reservoir,4.1,0
farm_4,farm_4_field_2,2026-07-10,70.7,sensitive,potato,5,35.8,0.0,loam,late,92,hose_reel,farm_reservoir,4.1,0
farm_4,farm_4_field_2,2026-07-11,60.3,sensitive,potato,6,35.8,0.0,loam,late,93,hose_reel,farm_reservoir,4.1,0
farm_4,farm_4_field_2,2026-07-12,59.6,sensitive,potato,7,35.8,0.2,loam,late,94,hose_reel,farm_reservoir,4.1,0
farm_4,farm_4_field_2,2026-07-13,56.6,sensitive,potato,8,35.8,0.0,loam,late,95,hose_reel,farm_reservoir,4.1,1
farm_4,farm_4_field_2,2026-07-14,54.1,sensitive,potato,9,35.8,0.0,loam,late,96,hose_reel,farm_reservoir,4.1,1
farm_4,farm_4_field_2,2026-07-15,46.0,sensitive,potato,10,35.8,0.8,loam,late,97,hose_reel,farm_reservoir,4.1,1
farm_4,farm_4_field_2,2026-07-16,46.0,sensitive,potato,11,35.8,0.1,loam,late,98,hose_reel,farm_reservoir,4.1,1
farm_4,farm_4_field_2,2026-07-17,46.4,sensitive,potato,12,35.8,0.0,loam,late,99,hose_reel,farm_reservoir,4.1,1
farm_4,farm_4_field_2,2026-07-18,43.1,sensitive,potato,13,35.8,0.1,loam,late,100,hose_reel,farm_reservoir,4.1,2
farm_4,farm_4_field_2,2026-07-19,63.3,sensitive,potato,1,40.0,0.0,loam,late,101,hose_reel,farm_reservoir,4.1,0
farm_4,farm_4_field_2,2026-07-20,59.7,sensitive,potato,2,40.0,0.3,loam,late,102,hose_reel,farm_reservoir,4.1,0
farm_4,farm_4_field_2,2026-07-21,58.1,sensitive,potato,3,40.0,0.0,loam,late,103,hose_reel,farm_reservoir,4.1,1
farm_4,farm_4_field_2,2026-07-22,82.2,sensitive,potato,1,35.2,0.1,loam,late,104,hose_reel,farm_reservoir,4.1,0
farm_4,farm_4_field_2,2026-07-23,76.4,sensitive,potato,2,35.2,0.2,loam,late,105,hose_reel,farm_reservoir,4.1,0
farm_4,farm_4_field_2,2026-07-24,67.0,sensitive,potato,3,35.2,0.0,loam,late,106,hose_reel,farm_reservoir,4.1,0
farm_4,farm_4_field_2,2026-07-25,72.5,sensitive,potato,4,35.2,0.4,loam,late,107,hose_reel,farm_reservoir,4.1,0
farm_4,farm_4_field_2,2026-07-26,63.3,sensitive,potato,5,35.2,0.0,loam,late,108,hose_reel,farm_reservoir,4.1,0
farm_4,farm_4_field_2,2026-07-27,58.7,sensitive,potato,6,35.2,2.8,loam,late,109,hose_reel,farm_reservoir,4.1,0
farm_4,farm_4_field_2,2026-07-28,59.1,sensitive,potato,7,35.2,0.2,loam,late,110,hose_reel,farm_reservoir,4.1,0
farm_4,farm_4_field_2,2026-07-29,55.2,sensitive,potato,8,35.2,7.3,loam,late,111,hose_reel,farm_reservoir,4.1,1
farm_4,farm_4_field_2,2026-07-30,51.6,sensitive,potato,9,35.2,0.8,loam,late,112,hose_reel,farm_reservoir,4.1,1
farm_4,farm_4_field_2,2026-07-31,51.0,sensitive,potato,10,35.2,0.6,loam,late,113,hose_reel,farm_reservoir,4.1,1
farm_4,farm_4_field_2,2026-08-01,49.7,sensitive,potato,11,35.2,0.0,loam,late,114,hose_reel,farm_reservoir,4.1,1
farm_4,farm_4_field_2,2026-08-02,46.7,late,potato,12,35.2,0.0,loam,late,115,hose_reel,farm_reservoir,4.1,0
farm_4,farm_4_field_2,2026-08-03,45.5,late,potato,13,35.2,0.9,loam,late,116,hose_reel,farm_reservoir,4.1,0
farm_4,farm_4_field_2,2026-08-04,42.6,late,potato,14,35.2,0.4,loam,late,117,hose_reel,farm_reservoir,4.1,0
farm_4,farm_4_field_2,2026-08-05,38.0,late,potato,15,35.2,0.0,loam,late,118,hose_reel,farm_reservoir,4.1,0
farm_4,farm_4_field_2,2026-08-06,34.7,late,potato,16,35.2,8.9,loam,late,119,hose_reel,farm_reservoir,4.1,0
farm_4,farm_4_field_2,2026-08-07,45.0,late,potato,17,35.2,0.2,loam,late,120,hose_reel,farm_reservoir,4.1,0
farm_4,farm_4_field_2,2026-08-08,37.1,late,potato,18,35.2,0.1,loam,late,121,hose_reel,farm_reservoir,4.1,0
farm_4,farm_4_field_2,2026-08-09,32.9,late,potato,19,35.2,0.5,loam,late,122,hose_reel,farm_reservoir,4.1,1
farm_4,farm_4_field_2,2026-08-10,35.1,late,potato,20,35.2,0.0,loam,late,123,hose_reel,farm_reservoir,4.1,1
farm_4,farm_4_field_2,2026-08-11,37.2,late,potato,21,35.2,1.7,loam,late,124,hose_reel,farm_reservoir,4.1,1
farm_4,farm_4_field_2,2026-08-12,34.2,late,potato,22,35.2,0.4,loam,late,125,hose_reel,farm_reservoir,4.1,1
farm_4,farm_4_field_2,2026-08-13,23.6,late,potato,23,35.2,0.0,loam,late,126,hose_reel,farm_reservoir,4.1,1
farm_4,farm_4_field_2,2026-08-14,27.8,late,potato,24,35.2,0.0,loam,late,127,hose_reel,farm_reservoir,4.1,1
farm_4,farm_4_field_2,2026-08-15,25.7,late,potato,25,35.2,0.0,loam,late,128,hose_reel,farm_reservoir,4.1,1
farm_4,farm_4_field_2,2026-08-16,19.3,late,potato,26,35.2,0.0,loam,late,129,hose_reel,farm_reservoir,4.1,1
farm_4,farm_4_field_2,2026-08-17,15.2,late,potato,27,35.2,0.0,loam,late,130,hose_reel,farm_reservoir,4.1,2
farm_4,farm_4_field_2,2026-08-18,45.3,late,potato,1,40.0,0.0,loam,late,131,hose_reel,farm_reservoir,4.1,0
farm_4,farm_4_field_2,2026-08-19,44.3,late,potato,2,40.0,0.0,loam,late,132,hose_reel,farm_reservoir,4.1,0
farm_4,farm_4_field_2,2026-08-20,42.2,late,potato,3,40.0,0.5,loam,late,133,hose_reel,farm_reservoir,4.1,0
farm_4,farm_4_field_2,2026-08-21,38.8,late,potato,4,40.0,0.2,loam,late,134,hose_reel,farm_reservoir,4.1,0
farm_4,farm_4_field_2,2026-08-22,39.3,late,potato,5,40.0,0.0,loam,late,135,hose_reel,farm_reservoir,4.1,0
farm_4,farm_4_field_2,2026-08-23,42.2,late,potato,6,40.0,0.0,loam,late,136,hose_reel,farm_reservoir,4.1,1
farm_4,farm_4_field_2,2026-08-24,36.0,late,potato,7,40.0,0.4,loam,late,137,hose_reel,farm_reservoir,4.1,1
farm_4,farm_4_field_2,2026-08-25,32.5,late,potato,8,40.0,0.0,loam,late,138,hose_reel,farm_reservoir,4.1,1
farm_4,farm_4_field_2,2026-08-26,29.2,late,potato,9,40.0,0.0,loam,late,139,hose_reel,farm_reservoir,4.1,1
farm_4,farm_4_field_2,2026-08-27,30.1,late,potato,10,40.0,0.0,loam,late,140,hose_reel,farm_reservoir,4.1,1
farm_4,farm_4_field_2,2026-08-28,47.6,late,potato,1,40.0,16.1,loam,late,141,hose_reel,farm_reservoir,4.1,0
farm_4,farm_4_field_2,2026-08-29,64.8,late,potato,2,40.0,0.0,loam,late,142,hose_reel,farm_reservoir,4.1,0
farm_4,farm_4_field_2,2026-08-30,57.3,late,potato,3,40.0,0.2,loam,late,143,hose_reel,farm_reservoir,4.1,0
farm_4,farm_4_field_2,2026-08-31,59.3,late,potato,4,40.0,0.5,loam,late,144,hose_reel,farm_reservoir,4.1,0
farm_4,farm_4_field_2,2026-09-01,59.3,late,potato,5,40.0,0.0,loam,late,145,hose_reel,farm_reservoir,4.1,0
farm_4,farm_4_field_2,2026-09-02,55.7,late,potato,6,40.0,0.1,loam,late,146,hose_reel,farm_reservoir,4.1,0
farm_4,farm_4_field_2,2026-09-03,51.2,late,potato,7,40.0,0.4,loam,late,147,hose_reel,farm_reservoir,4.1,0
farm_4,farm_4_field_2,2026-09-04,49.5,late,potato,8,40.0,0.3,loam,late,148,hose_reel,farm_reservoir,4.1,0
farm_4,farm_4_field_2,2026-09-05,50.1,late,potato,9,40.0,0.0,loam,late,149,hose_reel,farm_reservoir,4.1,0
farm_4,farm_4_field_2,2026-09-06,47.7,late,potato,10,40.0,0.0,loam,late,150,hose_reel,farm_reservoir,4.1,0
farm_4,farm_4_field_2,2026-09-07,46.5,late,potato,11,40.0,0.0,loam,late,151,hose_reel,farm_reservoir,4.1,0
farm_4,farm_4_field_2,2026-09-08,39.9,late,potato,12,40.0,0.2,loam,late,152,hose_reel,farm_reservoir,4.1,0
farm_4,farm_4_field_2,2026-09-09,39.7,late,potato,13,40.0,0.1,loam,late,153,hose_reel,farm_reservoir,4.1,0
farm_4,farm_4_field_2,2026-09-10,41.7,late,potato,14,40.0,0.3,loam,late,154,hose_reel,farm_reservoir,4.1,0
farm_4,farm_4_field_2,2026-09-11,43.9,late,potato,15,40.0,0.6,loam,late,155,hose_reel,farm_reservoir,4.1,0
farm_4,farm_4_field_2,2026-09-12,40.5,late,potato,16,40.0,0.1,loam,late,156,hose_reel,farm_reservoir,4.1,0
farm_4,farm_4_field_2,2026-09-13,37.9,late,potato,17,40.0,0.0,loam,late,157,hose_reel,farm_reservoir,4.1,1
farm_4,farm_4_field_2,2026-09-14,64.1,late,potato,1,40.0,2.0,loam,late,158,hose_reel,farm_reservoir,4.1,0
farm_4,farm_4_field_2,2026-09-15,63.9,late,potato,2,40.0,0.2,loam,late,159,hose_reel,farm_reservoir,4.1,0
farm_4,farm_4_field_2,2026-09-16,62.8,late,potato,3,40.0,4.7,loam,late,160,hose_reel,farm_reservoir,4.1,0
farm_4,farm_4_field_2,2026-09-17,58.7,late,potato,4,40.0,2.0,loam,late,161,hose_reel,farm_reservoir,4.1,0
farm_4,farm_4_field_2,2026-09-18,57.1,late,potato,5,40.0,0.0,loam,late,162,hose_reel,farm_reservoir,4.1,0
farm_4,farm_4_field_2,2026-09-19,60.4,late,potato,6,40.0,0.0,loam,late,163,hose_reel,farm_reservoir,4.1,0
farm_4,farm_4_field_2,2026-09-20,59.0,late,potato,7,40.0,0.1,loam,late,164,hose_reel,farm_reservoir,4.1,0
farm_4,farm_4_field_2,2026-09-21,63.1,late,potato,8,40.0,0.0,loam,late,165,hose_reel,farm_reservoir,4.1,0
farm_4,farm_4_field_2,2026-09-22,54.3,late,potato,9,40.0,0.2,loam,late,166,hose_reel,farm_reservoir,4.1,0
farm_4,farm_4_field_2,2026-09-23,53.3,late,potato,10,40.0,0.0,loam,late,167,hose_reel,farm_reservoir,4.1,0
farm_4,farm_4_field_2,2026-09-24,47.1,late,potato,11,40.0,0.0,loam,late,168,hose_reel,farm_reservoir,4.1,0
farm_4,farm_4_field_2,2026-09-25,54.7,late,potato,12,40.0,0.0,loam,late,169,hose_reel,farm_reservoir,4.1,0
farm_4,farm_4_field_2,2026-09-26,47.4,late,potato,13,40.0,0.5,loam,late,170,hose_reel,farm_reservoir,4.1,0
farm_4,farm_4_field_2,2026-09-27,49.2,late,potato,14,40.0,0.0,loam,late,171,hose_reel,farm_reservoir,4.1,0
farm_4,farm_4_field_2,2026-09-28,51.9,late,potato,15,40.0,0.0,loam,late,172,hose_reel,farm_reservoir,4.1,0
farm_4,farm_4_field_2,2026-09-29,46.6,late,potato,16,40.0,0.0,loam,late,173,hose_reel,farm_reservoir,4.1,0
farm_4,farm_4_field_2,2026-09-30,43.4,late,potato,17,40.0,0.2,loam,late,174,hose_reel,farm_reservoir,4.1,0
farm_4,farm_4_field_3,2026-04-22,66.6,initial,maize,0,0.0,3.9,sand,early,0,pivot,farm_reservoir,25.1,0
farm_4,farm_4_field_3,2026-04-23,74.9,initial,maize,1,0.0,0.1,sand,early,1,pivot,farm_reservoir,25.1,0
farm_4,farm_4_field_3,2026-04-24,76.3,initial,maize,2,0.0,0.4,sand,early,2,pivot,farm_reservoir,25.1,0
farm_4,farm_4_field_3,2026-04-25,69.5,initial,maize,3,0.0,0.3,sand,early,3,pivot,farm_reservoir,25.1,0
farm_4,farm_4_field_3,2026-04-26,65.8,initial,maize,4,0.0,0.0,sand,early,4,pivot,farm_reservoir,25.1,0
farm_4,farm_4_field_3,2026-04-27,68.4,initial,maize,5,0.0,5.3,sand,early,5,pivot,farm_reservoir,25.1,0
farm_4,farm_4_field_3,2026-04-28,71.6,initial,maize,6,0.0,0.0,sand,early,6,pivot,farm_reservoir,25.1,0
farm_4,farm_4_field_3,2026-04-29,70.5,initial,maize,7,0.0,0.0,sand,early,7,pivot,farm_reservoir,25.1,0
farm_4,farm_4_field_3,2026-04-30,67.3,initial,maize,8,0.0,1.3,sand,early,8,pivot,farm_reservoir,25.1,0
farm_4,farm_4_field_3,2026-05-01,74.9,initial,maize,9,0.0,0.0,sand,early,9,pivot,farm_reservoir,25.1,0
farm_4,farm_4_field_3,2026-05-02,69.4,initial,maize,10,0.0,0.2,sand,early,10,pivot,farm_reservoir,25.1,0
farm_4,farm_4_field_3,2026-05-03,67.3,initial,maize,11,0.0,2.8,sand,early,11,pivot,farm_reservoir,25.1,0
farm_4,farm_4_field_3,2026-05-04,74.7,initial,maize,12,0.0,0.5,sand,early,12,pivot,farm_reservoir,25.1,0
farm_4,farm_4_field_3,2026-05-05,71.2,initial,maize,13,0.0,0.2,sand,early,13,pivot,farm_reservoir,25.1,0
farm_4,farm_4_field_3,2026-05-06,71.0,initial,maize,14,0.0,0.0,sand,early,14,pivot,farm_reservoir,25.1,0
farm_4,farm_4_field_3,2026-05-07,71.2,initial,maize,15,0.0,0.0,sand,early,15,pivot,farm_reservoir,25.1,0
farm_4,farm_4_field_3,2026-05-08,69.1,initial,maize,16,0.0,0.0,sand,early,16,pivot,farm_reservoir,25.1,0
farm_4,farm_4_field_3,2026-05-09,66.1,initial,maize,17,0.0,1.0,sand,early,17,pivot,farm_reservoir,25.1,0
farm_4,farm_4_field_3,2026-05-10,65.2,initial,maize,18,0.0,0.0,sand,early,18,pivot,farm_reservoir,25.1,0
farm_4,farm_4_field_3,2026-05-11,61.4,initial,maize,19,0.0,0.1,sand,early,19,pivot,farm_reservoir,25.1,0
farm_4,farm_4_field_3,2026-05-12,60.5,initial,maize,20,0.0,0.0,sand,early,20,pivot,farm_reservoir,25.1,0
farm_4,farm_4_field_3,2026-05-13,66.1,initial,maize,21,0.0,0.2,sand,early,21,pivot,farm_reservoir,25.1,0
farm_4,farm_4_field_3,2026-05-14,59.0,initial,maize,22,0.0,0.0,sand,early,22,pivot,farm_reservoir,25.1,0
farm_4,farm_4_field_3,2026-05-15,62.3,initial,maize,23,0.0,0.0,sand,early,23,pivot,farm_reservoir,25.1,0
farm_4,farm_4_field_3,2026-05-16,59.9,initial,maize,24,0.0,0.0,sand,early,24,pivot,farm_reservoir,25.1,0
farm_4,farm_4_field_3,2026-05-17,56.4,initial,maize,25,0.0,6.7,sand,early,25,pivot,farm_reservoir,25.1,0
farm_4,farm_4_field_3,2026-05-18,65.1,development,maize,26,0.0,0.8,sand,early,26,pivot,farm_reservoir,25.1,0
farm_4,farm_4_field_3,2026-05-19,61.8,development,maize,27,0.0,9.5,sand,early,27,pivot,farm_reservoir,25.1,0
farm_4,farm_4_field_3,2026-05-20,72.8,development,maize,28,0.0,0.5,sand,early,28,pivot,farm_reservoir,25.1,0
farm_4,farm_4_field_3,2026-05-21,71.8,development,maize,29,0.0,5.3,sand,early,29,pivot,farm_reservoir,25.1,0
farm_4,farm_4_field_3,2026-05-22,70.9,development,maize,30,0.0,0.1,sand,early,30,pivot,farm_reservoir,25.1,0
farm_4,farm_4_field_3,2026-05-23,64.5,development,maize,31,0.0,0.5,sand,early,31,pivot,farm_reservoir,25.1,0
farm_4,farm_4_field_3,2026-05-24,59.3,development,maize,32,0.0,0.4,sand,early,32,pivot,farm_reservoir,25.1,0
farm_4,farm_4_field_3,2026-05-25,59.6,development,maize,33,0.0,3.8,sand,early,33,pivot,farm_reservoir,25.1,0
farm_4,farm_4_field_3,2026-05-26,59.2,development,maize,34,0.0,0.4,sand,early,34,pivot,farm_reservoir,25.1,0
farm_4,farm_4_field_3,2026-05-27,62.5,development,maize,35,0.0,0.3,sand,early,35,pivot,farm_reservoir,25.1,0
farm_4,farm_4_field_3,2026-05-28,53.8,development,maize,36,0.0,0.2,sand,early,36,pivot,farm_reservoir,25.1,0
farm_4,farm_4_field_3,2026-05-29,47.5,development,maize,37,0.0,0.6,sand,early,37,pivot,farm_reservoir,25.1,0
farm_4,farm_4_field_3,2026-05-30,46.8,development,maize,38,0.0,0.3,sand,early,38,pivot,farm_reservoir,25.1,1
farm_4,farm_4_field_3,2026-05-31,44.0,development,maize,39,0.0,0.0,sand,early,39,pivot,farm_reservoir,25.1,1
farm_4,farm_4_field_3,2026-06-01,39.9,development,maize,40,0.0,0.0,sand,early,40,pivot,farm_reservoir,25.1,1
farm_4,farm_4_field_3,2026-06-02,31.2,development,maize,41,0.0,0.0,sand,early,41,pivot,farm_reservoir,25.1,2
farm_4,farm_4_field_3,2026-06-03,69.2,development,maize,1,30.0,0.0,sand,early,42,pivot,farm_reservoir,25.1,0
farm_4,farm_4_field_3,2026-06-04,66.9,development,maize,2,30.0,0.0,sand,early,43,pivot,farm_reservoir,25.1,0
farm_4,farm_4_field_3,2026-06-05,62.1,development,maize,3,30.0,0.0,sand,early,44,pivot,farm_reservoir,25.1,0
farm_4,farm_4_field_3,2026-06-06,51.2,development,maize,4,30.0,0.0,sand,early,45,pivot,farm_reservoir,25.1,0
farm_4,farm_4_field_3,2026-06-07,47.6,development,maize,5,30.0,20.1,sand,early,46,pivot,farm_reservoir,25.1,1
farm_4,farm_4_field_3,2026-06-08,100.0,development,maize,1,25.1,20.2,sand,early,47,pivot,farm_reservoir,25.1,0
farm_4,farm_4_field_3,2026-06-09,97.6,development,maize,2,25.1,0.0,sand,early,48,pivot,farm_reservoir,25.1,0
farm_4,farm_4_field_3,2026-06-10,97.9,development,maize,3,25.1,0.3,sand,early,49,pivot,farm_reservoir,25.1,0
farm_4,farm_4_field_3,2026-06-11,86.9,development,maize,4,25.1,0.1,sand,early,50,pivot,farm_reservoir,25.1,0
farm_4,farm_4_field_3,2026-06-12,85.5,development,maize,5,25.1,0.0,sand,early,51,pivot,farm_reservoir,25.1,0
farm_4,farm_4_field_3,2026-06-13,80.1,development,maize,6,25.1,0.0,sand,early,52,pivot,farm_reservoir,25.1,0
farm_4,farm_4_field_3,2026-06-14,80.6,development,maize,7,25.1,0.2,sand,early,53,pivot,farm_reservoir,25.1,0
farm_4,farm_4_field_3,2026-06-15,71.4,development,maize,8,25.1,0.9,sand,early,54,pivot,farm_reservoir,25.1,0
farm_4,farm_4_field_3,2026-06-16,71.4,development,maize,9,25.1,0.2,sand,early,55,pivot,farm_reservoir,25.1,0
farm_4,farm_4_field_3,2026-06-17,68.8,development,maize,10,25.1,2.7,sand,early,56,pivot,farm_reservoir,25.1,0
farm_4,farm_4_field_3,2026-06-18,62.4,development,maize,11,25.1,24.4,sand,early,57,pivot,farm_reservoir,25.1,0
farm_4,farm_4_field_3,2026-06-19,92.3,development,maize,12,25.1,0.0,sand,early,58,pivot,farm_reservoir,25.1,0
farm_4,farm_4_field_3,2026-06-20,92.3,development,maize,13,25.1,0.1,sand,early,59,pivot,farm_reservoir,25.1,0
farm_4,farm_4_field_3,2026-06-21,82.4,sensitive,maize,14,25.1,0.3,sand,early,60,pivot,farm_reservoir,25.1,0
farm_4,farm_4_field_3,2026-06-22,77.8,sensitive,maize,15,25.1,0.1,sand,early,61,pivot,farm_reservoir,25.1,0
farm_4,farm_4_field_3,2026-06-23,68.0,sensitive,maize,16,25.1,0.0,sand,early,62,pivot,farm_reservoir,25.1,0
farm_4,farm_4_field_3,2026-06-24,60.2,sensitive,maize,17,25.1,0.0,sand,early,63,pivot,farm_reservoir,25.1,0
farm_4,farm_4_field_3,2026-06-25,57.6,sensitive,maize,18,25.1,0.0,sand,early,64,pivot,farm_reservoir,25.1,1
farm_4,farm_4_field_3,2026-06-26,42.0,sensitive,maize,19,25.1,0.0,sand,early,65,pivot,farm_reservoir,25.1,2
farm_4,farm_4_field_3,2026-06-27,75.4,sensitive,maize,1,28.3,0.1,sand,early,66,pivot,farm_reservoir,25.1,0
farm_4,farm_4_field_3,2026-06-28,66.5,sensitive,maize,2,28.3,2.6,sand,early,67,pivot,farm_reservoir,25.1,0
farm_4,farm_4_field_3,2026-06-29,64.4,sensitive,maize,3,28.3,0.2,sand,early,68,pivot,farm_reservoir,25.1,0
farm_4,farm_4_field_3,2026-06-30,60.4,sensitive,maize,4,28.3,0.3,sand,early,69,pivot,farm_reservoir,25.1,1
farm_4,farm_4_field_3,2026-07-01,72.5,sensitive,maize,1,18.9,0.0,sand,early,70,pivot,farm_reservoir,25.1,0
farm_4,farm_4_field_3,2026-07-02,65.2,sensitive,maize,2,18.9,0.2,sand,early,71,pivot,farm_reservoir,25.1,0
farm_4,farm_4_field_3,2026-07-03,56.8,sensitive,maize,3,18.9,0.0,sand,early,72,pivot,farm_reservoir,25.1,1
farm_4,farm_4_field_3,2026-07-04,46.8,sensitive,maize,4,18.9,0.0,sand,early,73,pivot,farm_reservoir,25.1,1
farm_4,farm_4_field_3,2026-07-05,44.7,sensitive,maize,5,18.9,0.0,sand,early,74,pivot,farm_reservoir,25.1,2
farm_4,farm_4_field_3,2026-07-06,68.2,sensitive,maize,1,30.0,0.2,sand,early,75,pivot,farm_reservoir,25.1,0
farm_4,farm_4_field_3,2026-07-07,62.0,sensitive,maize,2,30.0,0.3,sand,early,76,pivot,farm_reservoir,25.1,0
farm_4,farm_4_field_3,2026-07-08,55.6,sensitive,maize,3,30.0,1.1,sand,early,77,pivot,farm_reservoir,25.1,1
farm_4,farm_4_field_3,2026-07-09,48.7,sensitive,maize,4,30.0,4.5,sand,early,78,pivot,farm_reservoir,25.1,1
farm_4,farm_4_field_3,2026-07-10,84.4,sensitive,maize,1,24.7,0.0,sand,early,79,pivot,farm_reservoir,25.1,0
farm_4,farm_4_field_3,2026-07-11,74.0,sensitive,maize,2,24.7,0.0,sand,early,80,pivot,farm_reservoir,25.1,0
farm_4,farm_4_field_3,2026-07-12,64.7,sensitive,maize,3,24.7,0.2,sand,early,81,pivot,farm_reservoir,25.1,0
farm_4,farm_4_field_3,2026-07-13,54.6,sensitive,maize,4,24.7,0.0,sand,early,82,pivot,farm_reservoir,25.1,1
farm_4,farm_4_field_3,2026-07-14,46.5,sensitive,maize,5,24.7,0.0,sand,early,83,pivot,farm_reservoir,25.1,1
farm_4,farm_4_field_3,2026-07-15,36.9,sensitive,maize,6,24.7,0.8,sand,early,84,pivot,farm_reservoir,25.1,2
farm_4,farm_4_field_3,2026-07-16,73.9,sensitive,maize,1,28.8,0.1,sand,early,85,pivot,farm_reservoir,25.1,0
farm_4,farm_4_field_3,2026-07-17,64.1,sensitive,maize,2,28.8,0.0,sand,early,86,pivot,farm_reservoir,25.1,0
farm_4,farm_4_field_3,2026-07-18,60.2,sensitive,maize,3,28.8,0.1,sand,early,87,pivot,farm_reservoir,25.1,1
farm_4,farm_4_field_3,2026-07-19,46.8,sensitive,maize,4,28.8,0.0,sand,early,88,pivot,farm_reservoir,25.1,1
farm_4,farm_4_field_3,2026-07-20,39.8,sensitive,maize,5,28.8,0.3,sand,early,89,pivot,farm_reservoir,25.1,2
farm_4,farm_4_field_3,2026-07-21,73.1,sensitive,maize,1,30.0,0.0,sand,early,90,pivot,farm_reservoir,25.1,0
farm_4,farm_4_field_3,2026-07-22,65.2,sensitive,maize,2,30.0,0.1,sand,early,91,pivot,farm_reservoir,25.1,0
farm_4,farm_4_field_3,2026-07-23,54.0,sensitive,maize,3,30.0,0.2,sand,early,92,pivot,farm_reservoir,25.1,1
farm_4,farm_4_field_3,2026-07-24,50.8,sensitive,maize,4,30.0,0.0,sand,early,93,pivot,farm_reservoir,25.1,1
farm_4,farm_4_field_3,2026-07-25,42.3,sensitive,maize,5,30.0,0.4,sand,early,94,pivot,farm_reservoir,25.1,2
farm_4,farm_4_field_3,2026-07-26,71.5,sensitive,maize,1,30.0,0.0,sand,early,95,pivot,farm_reservoir,25.1,0
farm_4,farm_4_field_3,2026-07-27,67.9,sensitive,maize,2,30.0,2.8,sand,early,96,pivot,farm_reservoir,25.1,0
farm_4,farm_4_field_3,2026-07-28,60.4,sensitive,maize,3,30.0,0.2,sand,early,97,pivot,farm_reservoir,25.1,0
farm_4,farm_4_field_3,2026-07-29,52.8,sensitive,maize,4,30.0,7.3,sand,early,98,pivot,farm_reservoir,25.1,1
farm_4,farm_4_field_3,2026-07-30,55.5,sensitive,maize,5,30.0,0.8,sand,early,99,pivot,farm_reservoir,25.1,1
farm_4,farm_4_field_3,2026-07-31,45.0,sensitive,maize,6,30.0,0.6,sand,early,100,pivot,farm_reservoir,25.1,1
farm_4,farm_4_field_3,2026-08-01,42.7,sensitive,maize,7,30.0,0.0,sand,early,101,pivot,farm_reservoir,25.1,2
farm_4,farm_4_field_3,2026-08-02,69.9,late,maize,1,30.0,0.0,sand,early,102,pivot,farm_reservoir,25.1,0
farm_4,farm_4_field_3,2026-08-03,68.9,late,maize,2,30.0,0.9,sand,early,103,pivot,farm_reservoir,25.1,0
farm_4,farm_4_field_3,2026-08-04,62.1,late,maize,3,30.0,0.4,sand,early,104,pivot,farm_reservoir,25.1,0
farm_4,farm_4_field_3,2026-08-05,59.3,late,maize,4,30.0,0.0,sand,early,105,pivot,farm_reservoir,25.1,0
farm_4,farm_4_field_3,2026-08-06,57.7,late,maize,5,30.0,8.9,sand,early,106,pivot,farm_reservoir,25.1,0
farm_4,farm_4_field_3,2026-08-07,68.2,late,maize,6,30.0,0.2,sand,early,107,pivot,farm_reservoir,25.1,0
farm_4,farm_4_field_3,2026-08-08,63.5,late,maize,7,30.0,0.1,sand,early,108,pivot,farm_reservoir,25.1,0
farm_4,farm_4_field_3,2026-08-09,61.1,late,maize,8,30.0,0.5,sand,early,109,pivot,farm_reservoir,25.1,0
farm_4,farm_4_field_3,2026-08-10,52.1,late,maize,9,30.0,0.0,sand,early,110,pivot,farm_reservoir,25.1,0
farm_4,farm_4_field_3,2026-08-11,53.8,late,maize,10,30.0,1.7,sand,early,111,pivot,farm_reservoir,25.1,0
farm_4,farm_4_field_3,2026-08-12,49.2,late,maize,11,30.0,0.4,sand,early,112,pivot,farm_reservoir,25.1,0
farm_4,farm_4_field_3,2026-08-13,44.9,late,maize,12,30.0,0.0,sand,early,113,pivot,farm_reservoir,25.1,0
farm_4,farm_4_field_3,2026-08-14,41.6,late,maize,13,30.0,0.0,sand,early,114,pivot,farm_reservoir,25.1,0
farm_4,farm_4_field_3,2026-08-15,40.9,late,maize,14,30.0,0.0,sand,early,115,pivot,farm_reservoir,25.1,0
farm_4,farm_4_field_3,2026-08-16,36.3,late,maize,15,30.0,0.0,sand,early,116,pivot,farm_reservoir,25.1,1
farm_4,farm_4_field_3,2026-08-17,75.6,late,maize,1,30.0,0.0,sand,early,117,pivot,farm_reservoir,25.1,0
farm_4,farm_4_field_3,2026-08-18,74.8,late,maize,2,30.0,0.0,sand,early,118,pivot,farm_reservoir,25.1,0
farm_4,farm_4_field_3,2026-08-19,60.8,late,maize,3,30.0,0.0,sand,early,119,pivot,farm_reservoir,25.1,0
farm_4,farm_4_field_3,2026-08-20,62.5,late,maize,4,30.0,0.5,sand,early,120,pivot,farm_reservoir,25.1,0
farm_4,farm_4_field_3,2026-08-21,60.6,late,maize,5,30.0,0.2,sand,early,121,pivot,farm_reservoir,25.1,0
farm_4,farm_4_field_3,2026-08-22,56.1,late,maize,6,30.0,0.0,sand,early,122,pivot,farm_reservoir,25.1,0
farm_4,farm_4_field_3,2026-08-23,55.7,late,maize,7,30.0,0.0,sand,early,123,pivot,farm_reservoir,25.1,0
farm_4,farm_4_field_3,2026-08-24,49.0,late,maize,8,30.0,0.4,sand,early,124,pivot,farm_reservoir,25.1,0
farm_4,farm_4_field_3,2026-08-25,47.6,late,maize,9,30.0,0.0,sand,early,125,pivot,farm_reservoir,25.1,0
farm_4,farm_4_field_3,2026-08-26,41.1,late,maize,10,30.0,0.0,sand,early,126,pivot,farm_reservoir,25.1,0
farm_4,farm_4_field_3,2026-08-27,36.8,late,maize,11,30.0,0.0,sand,early,127,pivot,farm_reservoir,25.1,1
farm_4,farm_4_field_3,2026-08-28,77.7,late,maize,1,30.0,16.1,sand,early,128,pivot,farm_reservoir,25.1,0
farm_4,farm_4_field_3,2026-08-29,96.8,late,maize,2,30.0,0.0,sand,early,129,pivot,farm_reservoir,25.1,0
farm_4,farm_4_field_3,2026-08-30,91.9,late,maize,3,30.0,0.2,sand,early,130,pivot,farm_reservoir,25.1,0
farm_4,farm_4_field_3,2026-08-31,82.5,late,maize,4,30.0,0.5,sand,early,131,pivot,farm_reservoir,25.1,0
farm_4,farm_4_field_3,2026-09-01,81.3,late,maize,5,30.0,0.0,sand,early,132,pivot,farm_reservoir,25.1,0
farm_4,farm_4_field_3,2026-09-02,79.3,late,maize,6,30.0,0.1,sand,early,133,pivot,farm_reservoir,25.1,0
farm_4,farm_4_field_3,2026-09-03,74.1,late,maize,7,30.0,0.4,sand,early,134,pivot,farm_reservoir,25.1,0
farm_4,farm_4_field_3,2026-09-04,80.2,late,maize,8,30.0,0.3,sand,early,135,pivot,farm_reservoir,25.1,0
farm_4,farm_4_field_3,2026-09-05,72.4,late,maize,9,30.0,0.0,sand,early,136,pivot,farm_reservoir,25.1,0
farm_4,farm_4_field_3,2026-09-06,63.1,late,maize,10,30.0,0.0,sand,early,137,pivot,farm_reservoir,25.1,0
farm_4,farm_4_field_3,2026-09-07,63.4,late,maize,11,30.0,0.0,sand,early,138,pivot,farm_reservoir,25.1,0
farm_4,farm_4_field_3,2026-09-08,62.0,late,maize,12,30.0,0.2,sand,early,139,pivot,farm_reservoir,25.1,0
farm_4,farm_4_field_3,2026-09-09,58.5,late,maize,13,30.0,0.1,sand,early,140,pivot,farm_reservoir,25.1,0
farm_4,farm_4_field_3,2026-09-10,55.6,late,maize,14,30.0,0.3,sand,early,141,pivot,farm_reservoir,25.1,0
farm_4,farm_4_field_3,2026-09-11,44.1,late,maize,15,30.0,0.6,sand,early,142,pivot,farm_reservoir,25.1,0
farm_4,farm_4_field_3,2026-09-12,46.3,late,maize,16,30.0,0.1,sand,early,143,pivot,farm_reservoir,25.1,0
farm_4,farm_4_field_3,2026-09-13,52.5,late,maize,17,30.0,0.0,sand,early,144,pivot,farm_reservoir,25.1,0
farm_4,farm_4_field_3,2026-09-14,45.3,late,maize,18,30.0,2.0,sand,early,145,pivot,farm_reservoir,25.1,0
farm_4,farm_4_field_3,2026-09-15,45.7,late,maize,19,30.0,0.2,sand,early,146,pivot,farm_reservoir,25.1,0
farm_4,farm_4_field_3,2026-09-16,41.3,late,maize,20,30.0,4.7,sand,early,147,pivot,farm_reservoir,25.1,1
farm_4,farm_4_field_3,2026-09-17,47.0,late,maize,21,30.0,2.0,sand,early,148,pivot,farm_reservoir,25.1,0
farm_4,farm_4_field_3,2026-09-18,43.3,late,maize,22,30.0,0.0,sand,early,149,pivot,farm_reservoir,25.1,0
farm_4,farm_4_field_3,2026-09-19,36.8,late,maize,23,30.0,0.0,sand,early,150,pivot,farm_reservoir,25.1,0
farm_4,farm_4_field_3,2026-09-20,35.2,late,maize,24,30.0,0.1,sand,early,151,pivot,farm_reservoir,25.1,1
farm_4,farm_4_field_3,2026-09-21,30.4,late,maize,25,30.0,0.0,sand,early,152,pivot,farm_reservoir,25.1,1
farm_4,farm_4_field_3,2026-09-22,30.7,late,maize,26,30.0,0.2,sand,early,153,pivot,farm_reservoir,25.1,1
farm_4,farm_4_field_3,2026-09-23,76.3,late,maize,1,30.0,0.0,sand,early,154,pivot,farm_reservoir,25.1,0
farm_4,farm_4_field_3,2026-09-24,71.7,late,maize,2,30.0,0.0,sand,early,155,pivot,farm_reservoir,25.1,0
farm_4,farm_4_field_3,2026-09-25,66.2,late,maize,3,30.0,0.0,sand,early,156,pivot,farm_reservoir,25.1,0
farm_4,farm_4_field_3,2026-09-26,62.9,late,maize,4,30.0,0.5,sand,early,157,pivot,farm_reservoir,25.1,0
farm_4,farm_4_field_3,2026-09-27,63.6,late,maize,5,30.0,0.0,sand,early,158,pivot,farm_reservoir,25.1,0
farm_4,farm_4_field_3,2026-09-28,60.5,late,maize,6,30.0,0.0,sand,early,159,pivot,farm_reservoir,25.1,0
farm_4,farm_4_field_3,2026-09-29,54.0,late,maize,7,30.0,0.0,sand,early,160,pivot,farm_reservoir,25.1,0
farm_4,farm_4_field_3,2026-09-30,54.2,late,maize,8,30.0,0.2,sand,early,161,pivot,farm_reservoir,25.1,0
farm_4,farm_4_field_4,2026-04-15,57.4,initial,sugar_beet,13,0.0,0.0,sand,early,13,drip,farm_reservoir,26.6,0
farm_4,farm_4_field_4,2026-04-16,66.3,initial,sugar_beet,14,0.0,4.5,sand,early,14,drip,farm_reservoir,26.6,0
farm_4,farm_4_field_4,2026-04-17,63.3,initial,sugar_beet,15,0.0,0.0,sand,early,15,drip,farm_reservoir,26.6,0
farm_4,farm_4_field_4,2026-04-18,63.7,initial,sugar_beet,16,0.0,0.0,sand,early,16,drip,farm_reservoir,26.6,0
farm_4,farm_4_field_4,2026-04-19,65.3,initial,sugar_beet,17,0.0,0.0,sand,early,17,drip,farm_reservoir,26.6,0
farm_4,farm_4_field_4,2026-04-20,62.7,initial,sugar_beet,18,0.0,0.0,sand,early,18,drip,farm_reservoir,26.6,0
farm_4,farm_4_field_4,2026-04-21,62.2,initial,sugar_beet,19,0.0,0.0,sand,early,19,drip,farm_reservoir,26.6,0
farm_4,farm_4_field_4,2026-04-22,52.1,initial,sugar_beet,20,0.0,3.9,sand,early,20,drip,farm_reservoir,26.6,0
farm_4,farm_4_field_4,2026-04-23,61.8,development,sugar_beet,21,0.0,0.1,sand,early,21,drip,farm_reservoir,26.6,0
farm_4,farm_4_field_4,2026-04-24,59.5,development,sugar_beet,22,0.0,0.4,sand,early,22,drip,farm_reservoir,26.6,0
farm_4,farm_4_field_4,2026-04-25,58.9,development,sugar_beet,23,0.0,0.3,sand,early,23,drip,farm_reservoir,26.6,0
farm_4,farm_4_field_4,2026-04-26,53.5,development,sugar_beet,24,0.0,0.0,sand,early,24,drip,farm_reservoir,26.6,0
farm_4,farm_4_field_4,2026-04-27,62.2,development,sugar_beet,25,0.0,5.3,sand,early,25,drip,farm_reservoir,26.6,0
farm_4,farm_4_field_4,2026-04-28,60.4,development,sugar_beet,26,0.0,0.0,sand,early,26,drip,farm_reservoir,26.6,0
farm_4,farm_4_field_4,2026-04-29,57.4,development,sugar_beet,27,0.0,0.0,sand,early,27,drip,farm_reservoir,26.6,0
farm_4,farm_4_field_4,2026-04-30,56.6,development,sugar_beet,28,0.0,1.3,sand,early,28,drip,farm_reservoir,26.6,0
farm_4,farm_4_field_4,2026-05-01,52.7,development,sugar_beet,29,0.0,0.0,sand,early,29,drip,farm_reservoir,26.6,0
farm_4,farm_4_field_4,2026-05-02,50.8,development,sugar_beet,30,0.0,0.2,sand,early,30,drip,farm_reservoir,26.6,0
farm_4,farm_4_field_4,2026-05-03,48.8,development,sugar_beet,31,0.0,2.8,sand,early,31,drip,farm_reservoir,26.6,0
farm_4,farm_4_field_4,2026-05-04,52.9,development,sugar_beet,32,0.0,0.5,sand,early,32,drip,farm_reservoir,26.6,0
farm_4,farm_4_field_4,2026-05-05,43.8,development,sugar_beet,33,0.0,0.2,sand,early,33,drip,farm_reservoir,26.6,1
farm_4,farm_4_field_4,2026-05-06,72.0,development,sugar_beet,1,18.0,0.0,sand,early,34,drip,farm_reservoir,26.6,0
farm_4,farm_4_field_4,2026-05-07,62.3,development,sugar_beet,2,18.0,0.0,sand,early,35,drip,farm_reservoir,26.6,0
farm_4,farm_4_field_4,2026-05-08,68.5,development,sugar_beet,3,18.0,0.0,sand,early,36,drip,farm_reservoir,26.6,0
farm_4,farm_4_field_4,2026-05-09,67.0,development,sugar_beet,4,18.0,1.0,sand,early,37,drip,farm_reservoir,26.6,0
farm_4,farm_4_field_4,2026-05-10,60.5,development,sugar_beet,5,18.0,0.0,sand,early,38,drip,farm_reservoir,26.6,0
farm_4,farm_4_field_4,2026-05-11,55.8,development,sugar_beet,6,18.0,0.1,sand,early,39,drip,farm_reservoir,26.6,0
farm_4,farm_4_field_4,2026-05-12,58.7,development,sugar_beet,7,18.0,0.0,sand,early,40,drip,farm_reservoir,26.6,0
farm_4,farm_4_field_4,2026-05-13,47.5,development,sugar_beet,8,18.0,0.2,sand,early,41,drip,farm_reservoir,26.6,0
farm_4,farm_4_field_4,2026-05-14,45.2,development,sugar_beet,9,18.0,0.0,sand,early,42,drip,farm_reservoir,26.6,0
farm_4,farm_4_field_4,2026-05-15,46.5,development,sugar_beet,10,18.0,0.0,sand,early,43,drip,farm_reservoir,26.6,1
farm_4,farm_4_field_4,2026-05-16,61.7,development,sugar_beet,1,18.0,0.0,sand,early,44,drip,farm_reservoir,26.6,0
farm_4,farm_4_field_4,2026-05-17,61.4,development,sugar_beet,2,18.0,6.7,sand,early,45,drip,farm_reservoir,26.6,0
farm_4,farm_4_field_4,2026-05-18,70.0,development,sugar_beet,3,18.0,0.8,sand,early,46,drip,farm_reservoir,26.6,0
farm_4,farm_4_field_4,2026-05-19,63.4,development,sugar_beet,4,18.0,9.5,sand,early,47,drip,farm_reservoir,26.6,0
farm_4,farm_4_field_4,2026-05-20,77.8,development,sugar_beet,5,18.0,0.5,sand,early,48,drip,farm_reservoir,26.6,0
farm_4,farm_4_field_4,2026-05-21,71.4,development,sugar_beet,6,18.0,5.3,sand,early,49,drip,farm_reservoir,26.6,0
farm_4,farm_4_field_4,2026-05-22,78.7,development,sugar_beet,7,18.0,0.1,sand,early,50,drip,farm_reservoir,26.6,0
farm_4,farm_4_field_4,2026-05-23,71.6,sensitive,sugar_beet,8,18.0,0.5,sand,early,51,drip,farm_reservoir,26.6,0
farm_4,farm_4_field_4,2026-05-24,66.9,sensitive,sugar_beet,9,18.0,0.4,sand,early,52,drip,farm_reservoir,26.6,0
farm_4,farm_4_field_4,2026-05-25,63.3,sensitive,sugar_beet,10,18.0,3.8,sand,early,53,drip,farm_reservoir,26.6,0
farm_4,farm_4_field_4,2026-05-26,61.5,sensitive,sugar_beet,11,18.0,0.4,sand,early,54,drip,farm_reservoir,26.6,0
farm_4,farm_4_field_4,2026-05-27,59.3,sensitive,sugar_beet,12,18.0,0.3,sand,early,55,drip,farm_reservoir,26.6,0
farm_4,farm_4_field_4,2026-05-28,53.1,sensitive,sugar_beet,13,18.0,0.2,sand,early,56,drip,farm_reservoir,26.6,0
farm_4,farm_4_field_4,2026-05-29,50.7,sensitive,sugar_beet,14,18.0,0.6,sand,early,57,drip,farm_reservoir,26.6,1
farm_4,farm_4_field_4,2026-05-30,65.0,sensitive,sugar_beet,1,18.0,0.3,sand,early,58,drip,farm_reservoir,26.6,0
farm_4,farm_4_field_4,2026-05-31,63.7,sensitive,sugar_beet,2,18.0,0.0,sand,early,59,drip,farm_reservoir,26.6,0
farm_4,farm_4_field_4,2026-06-01,48.4,sensitive,sugar_beet,3,18.0,0.0,sand,early,60,drip,farm_reservoir,26.6,0
farm_4,farm_4_field_4,2026-06-02,47.8,sensitive,sugar_beet,4,18.0,0.0,sand,early,61,drip,farm_reservoir,26.6,1
farm_4,farm_4_field_4,2026-06-03,43.4,sensitive,sugar_beet,5,18.0,0.0,sand,early,62,drip,farm_reservoir,26.6,1
farm_4,farm_4_field_4,2026-06-04,60.0,sensitive,sugar_beet,1,18.0,0.0,sand,early,63,drip,farm_reservoir,26.6,0
farm_4,farm_4_field_4,2026-06-05,59.4,sensitive,sugar_beet,2,18.0,0.0,sand,early,64,drip,farm_reservoir,26.6,0
farm_4,farm_4_field_4,2026-06-06,48.7,sensitive,sugar_beet,3,18.0,0.0,sand,early,65,drip,farm_reservoir,26.6,1
farm_4,farm_4_field_4,2026-06-07,59.0,sensitive,sugar_beet,1,18.0,20.1,sand,early,66,drip,farm_reservoir,26.6,0
farm_4,farm_4_field_4,2026-06-08,86.1,sensitive,sugar_beet,2,18.0,20.2,sand,early,67,drip,farm_reservoir,26.6,0
farm_4,farm_4_field_4,2026-06-09,97.6,sensitive,sugar_beet,3,18.0,0.0,sand,early,68,drip,farm_reservoir,26.6,0
farm_4,farm_4_field_4,2026-06-10,92.0,sensitive,sugar_beet,4,18.0,0.3,sand,early,69,drip,farm_reservoir,26.6,0
farm_4,farm_4_field_4,2026-06-11,87.1,sensitive,sugar_beet,5,18.0,0.1,sand,early,70,drip,farm_reservoir,26.6,0
farm_4,farm_4_field_4,2026-06-12,81.8,sensitive,sugar_beet,6,18.0,0.0,sand,early,71,drip,farm_reservoir,26.6,0
farm_4,farm_4_field_4,2026-06-13,76.1,sensitive,sugar_beet,7,18.0,0.0,sand,early,72,drip,farm_reservoir,26.6,0
farm_4,farm_4_field_4,2026-06-14,66.8,sensitive,sugar_beet,8,18.0,0.2,sand,early,73,drip,farm_reservoir,26.6,0
farm_4,farm_4_field_4,2026-06-15,62.2,sensitive,sugar_beet,9,18.0,0.9,sand,early,74,drip,farm_reservoir,26.6,0
farm_4,farm_4_field_4,2026-06-16,56.7,sensitive,sugar_beet,10,18.0,0.2,sand,early,75,drip,farm_reservoir,26.6,0
farm_4,farm_4_field_4,2026-06-17,52.4,sensitive,sugar_beet,11,18.0,2.7,sand,early,76,drip,farm_reservoir,26.6,1
farm_4,farm_4_field_4,2026-06-18,77.0,sensitive,sugar_beet,1,18.0,24.4,sand,early,77,drip,farm_reservoir,26.6,0
farm_4,farm_4_field_4,2026-06-19,96.8,sensitive,sugar_beet,2,18.0,0.0,sand,early,78,drip,farm_reservoir,26.6,0
farm_4,farm_4_field_4,2026-06-20,89.0,sensitive,sugar_beet,3,18.0,0.1,sand,early,79,drip,farm_reservoir,26.6,0
farm_4,farm_4_field_4,2026-06-21,86.4,sensitive,sugar_beet,4,18.0,0.3,sand,early,80,drip,farm_reservoir,26.6,0
farm_4,farm_4_field_4,2026-06-22,73.0,sensitive,sugar_beet,5,18.0,0.1,sand,early,81,drip,farm_reservoir,26.6,0
farm_4,farm_4_field_4,2026-06-23,70.1,sensitive,sugar_beet,6,18.0,0.0,sand,early,82,drip,farm_reservoir,26.6,0
farm_4,farm_4_field_4,2026-06-24,59.7,sensitive,sugar_beet,7,18.0,0.0,sand,early,83,drip,farm_reservoir,26.6,0
farm_4,farm_4_field_4,2026-06-25,60.2,sensitive,sugar_beet,8,18.0,0.0,sand,early,84,drip,farm_reservoir,26.6,0
farm_4,farm_4_field_4,2026-06-26,56.1,sensitive,sugar_beet,9,18.0,0.0,sand,early,85,drip,farm_reservoir,26.6,1
farm_4,farm_4_field_4,2026-06-27,41.8,sensitive,sugar_beet,10,18.0,0.1,sand,early,86,drip,farm_reservoir,26.6,1
farm_4,farm_4_field_4,2026-06-28,40.4,sensitive,sugar_beet,11,18.0,2.6,sand,early,87,drip,farm_reservoir,26.6,1
farm_4,farm_4_field_4,2026-06-29,59.2,sensitive,sugar_beet,1,18.0,0.2,sand,early,88,drip,farm_reservoir,26.6,0
farm_4,farm_4_field_4,2026-06-30,50.1,sensitive,sugar_beet,2,18.0,0.3,sand,early,89,drip,farm_reservoir,26.6,0
farm_4,farm_4_field_4,2026-07-01,51.0,sensitive,sugar_beet,3,18.0,0.0,sand,early,90,drip,farm_reservoir,26.6,1
farm_4,farm_4_field_4,2026-07-02,37.6,sensitive,sugar_beet,4,18.0,0.2,sand,early,91,drip,farm_reservoir,26.6,1
farm_4,farm_4_field_4,2026-07-03,57.0,sensitive,sugar_beet,1,18.0,0.0,sand,early,92,drip,farm_reservoir,26.6,0
farm_4,farm_4_field_4,2026-07-04,45.9,late,sugar_beet,2,18.0,0.0,sand,early,93,drip,farm_reservoir,26.6,0
farm_4,farm_4_field_4,2026-07-05,50.1,late,sugar_beet,3,18.0,0.0,sand,early,94,drip,farm_reservoir,26.6,0
farm_4,farm_4_field_4,2026-07-06,40.8,late,sugar_beet,4,18.0,0.2,sand,early,95,drip,farm_reservoir,26.6,0
farm_4,farm_4_field_4,2026-07-07,38.1,late,sugar_beet,5,18.0,0.3,sand,early,96,drip,farm_reservoir,26.6,0
farm_4,farm_4_field_4,2026-07-08,32.6,late,sugar_beet,6,18.0,1.1,sand,early,97,drip,farm_reservoir,26.6,1
farm_4,farm_4_field_4,2026-07-09,52.4,late,sugar_beet,1,18.0,4.5,sand,early,98,drip,farm_reservoir,26.6,0
farm_4,farm_4_field_4,2026-07-10,64.6,late,sugar_beet,2,18.0,0.0,sand,early,99,drip,farm_reservoir,26.6,0
farm_4,farm_4_field_4,2026-07-11,53.7,late,sugar_beet,3,18.0,0.0,sand,early,100,drip,farm_reservoir,26.6,0
farm_4,farm_4_field_4,2026-07-12,47.8,late,sugar_beet,4,18.0,0.2,sand,early,101,drip,farm_reservoir,26.6,0
farm_4,farm_4_field_4,2026-07-13,44.4,late,sugar_beet,5,18.0,0.0,sand,early,102,drip,farm_reservoir,26.6,0
farm_4,farm_4_field_4,2026-07-14,40.8,late,sugar_beet,6,18.0,0.0,sand,early,103,drip,farm_reservoir,26.6,0
farm_4,farm_4_field_4,2026-07-15,45.4,late,sugar_beet,7,18.0,0.8,sand,early,104,drip,farm_reservoir,26.6,0
farm_4,farm_4_field_4,2026-07-16,35.2,late,sugar_beet,8,18.0,0.1,sand,early,105,drip,farm_reservoir,26.6,1
farm_4,farm_4_field_4,2026-07-17,33.7,late,sugar_beet,9,18.0,0.0,sand,early,106,drip,farm_reservoir,26.6,1
farm_4,farm_4_field_4,2026-07-18,54.2,late,sugar_beet,1,18.0,0.1,sand,early,107,drip,farm_reservoir,26.6,0
farm_4,farm_4_field_4,2026-07-19,47.3,late,sugar_beet,2,18.0,0.0,sand,early,108,drip,farm_reservoir,26.6,0
farm_4,farm_4_field_4,2026-07-20,42.6,late,sugar_beet,3,18.0,0.3,sand,early,109,drip,farm_reservoir,26.6,0
farm_4,farm_4_field_4,2026-07-21,34.2,late,sugar_beet,4,18.0,0.0,sand,early,110,drip,farm_reservoir,26.6,0
farm_4,farm_4_field_4,2026-07-22,37.4,late,sugar_beet,5,18.0,0.1,sand,early,111,drip,farm_reservoir,26.6,0
farm_4,farm_4_field_4,2026-07-23,35.2,late,sugar_beet,6,18.0,0.2,sand,early,112,drip,farm_reservoir,26.6,1
farm_4,farm_4_field_4,2026-07-24,56.0,late,sugar_beet,1,18.0,0.0,sand,early,113,drip,farm_reservoir,26.6,0
farm_4,farm_4_field_4,2026-07-25,48.6,late,sugar_beet,2,18.0,0.4,sand,early,114,drip,farm_reservoir,26.6,0
farm_4,farm_4_field_4,2026-07-26,50.9,late,sugar_beet,3,18.0,0.0,sand,early,115,drip,farm_reservoir,26.6,0
farm_4,farm_4_field_4,2026-07-27,41.8,late,sugar_beet,4,18.0,2.8,sand,early,116,drip,farm_reservoir,26.6,0
farm_4,farm_4_field_4,2026-07-28,41.0,late,sugar_beet,5,18.0,0.2,sand,early,117,drip,farm_reservoir,26.6,0
farm_4,farm_4_field_4,2026-07-29,32.8,late,sugar_beet,6,18.0,7.3,sand,early,118,drip,farm_reservoir,26.6,0
farm_4,farm_4_field_4,2026-07-30,47.8,late,sugar_beet,7,18.0,0.8,sand,early,119,drip,farm_reservoir,26.6,0
farm_4,farm_4_field_4,2026-07-31,40.3,late,sugar_beet,8,18.0,0.6,sand,early,120,drip,farm_reservoir,26.6,0
farm_4,farm_4_field_4,2026-08-01,42.7,late,sugar_beet,9,18.0,0.0,sand,early,121,drip,farm_reservoir,26.6,0
farm_4,farm_4_field_4,2026-08-02,35.6,late,sugar_beet,10,18.0,0.0,sand,early,122,drip,farm_reservoir,26.6,1
farm_4,farm_4_field_4,2026-08-03,58.2,late,sugar_beet,1,18.0,0.9,sand,early,123,drip,farm_reservoir,26.6,0
farm_4,farm_4_field_4,2026-08-04,49.9,late,sugar_beet,2,18.0,0.4,sand,early,124,drip,farm_reservoir,26.6,0
farm_4,farm_4_field_4,2026-08-05,47.6,late,sugar_beet,3,18.0,0.0,sand,early,125,drip,farm_reservoir,26.6,0
farm_4,farm_4_field_4,2026-08-06,45.4,late,sugar_beet,4,18.0,8.9,sand,early,126,drip,farm_reservoir,26.6,0
farm_4,farm_4_field_4,2026-08-07,53.3,late,sugar_beet,5,18.0,0.2,sand,early,127,drip,farm_reservoir,26.6,0
farm_4,farm_4_field_4,2026-08-08,52.5,late,sugar_beet,6,18.0,0.1,sand,early,128,drip,farm_reservoir,26.6,0
farm_4,farm_4_field_4,2026-08-09,41.7,late,sugar_beet,7,18.0,0.5,sand,early,129,drip,farm_reservoir,26.6,0
farm_4,farm_4_field_4,2026-08-10,42.0,late,sugar_beet,8,18.0,0.0,sand,early,130,drip,farm_reservoir,26.6,0
farm_4,farm_4_field_4,2026-08-11,43.3,late,sugar_beet,9,18.0,1.7,sand,early,131,drip,farm_reservoir,26.6,0
farm_4,farm_4_field_4,2026-08-12,35.0,late,sugar_beet,10,18.0,0.4,sand,early,132,drip,farm_reservoir,26.6,1
farm_4,farm_4_field_4,2026-08-13,31.1,late,sugar_beet,11,18.0,0.0,sand,early,133,drip,farm_reservoir,26.6,1
farm_4,farm_4_field_4,2026-08-14,30.0,late,sugar_beet,12,18.0,0.0,sand,early,134,drip,farm_reservoir,26.6,1
farm_4,farm_4_field_4,2026-08-15,56.3,late,sugar_beet,1,18.0,0.0,sand,early,135,drip,farm_reservoir,26.6,0
farm_4,farm_4_field_4,2026-08-16,43.3,late,sugar_beet,2,18.0,0.0,sand,early,136,drip,farm_reservoir,26.6,0
farm_4,farm_4_field_4,2026-08-17,45.6,late,sugar_beet,3,18.0,0.0,sand,early,137,drip,farm_reservoir,26.6,0
farm_4,farm_4_field_4,2026-08-18,45.7,late,sugar_beet,4,18.0,0.0,sand,early,138,drip,farm_reservoir,26.6,0
farm_4,farm_4_field_4,2026-08-19,39.6,late,sugar_beet,5,18.0,0.0,sand,early,139,drip,farm_reservoir,26.6,1
farm_4,farm_4_field_4,2026-08-20,51.7,late,sugar_beet,1,18.0,0.5,sand,early,140,drip,farm_reservoir,26.6,0
farm_4,farm_4_field_4,2026-08-21,59.7,late,sugar_beet,2,18.0,0.2,sand,early,141,drip,farm_reservoir,26.6,0
farm_4,farm_4_field_4,2026-08-22,46.9,late,sugar_beet,3,18.0,0.0,sand,early,142,drip,farm_reservoir,26.6,0
farm_4,farm_4_field_4,2026-08-23,46.9,late,sugar_beet,4,18.0,0.0,sand,early,143,drip,farm_reservoir,26.6,0
farm_4,farm_4_field_4,2026-08-24,42.6,late,sugar_beet,5,18.0,0.4,sand,early,144,drip,farm_reservoir,26.6,0
farm_4,farm_4_field_4,2026-08-25,35.6,late,sugar_beet,6,18.0,0.0,sand,early,145,drip,farm_reservoir,26.6,0
farm_4,farm_4_field_4,2026-08-26,38.6,late,sugar_beet,7,18.0,0.0,sand,early,146,drip,farm_reservoir,26.6,1
farm_4,farm_4_field_4,2026-08-27,58.5,late,sugar_beet,1,18.0,0.0,sand,early,147,drip,farm_reservoir,26.6,0
farm_4,farm_4_field_4,2026-08-28,50.3,late,sugar_beet,2,18.0,16.1,sand,early,148,drip,farm_reservoir,26.6,0
farm_4,farm_4_field_4,2026-08-29,72.4,late,sugar_beet,3,18.0,0.0,sand,early,149,drip,farm_reservoir,26.6,0
farm_4,farm_4_field_4,2026-08-30,67.0,late,sugar_beet,4,18.0,0.2,sand,early,150,drip,farm_reservoir,26.6,0
farm_4,farm_4_field_4,2026-08-31,68.9,late,sugar_beet,5,18.0,0.5,sand,early,151,drip,farm_reservoir,26.6,0
farm_4,farm_4_field_4,2026-09-01,63.8,late,sugar_beet,6,18.0,0.0,sand,early,152,drip,farm_reservoir,26.6,0
farm_4,farm_4_field_4,2026-09-02,62.1,late,sugar_beet,7,18.0,0.1,sand,early,153,drip,farm_reservoir,26.6,0
farm_4,farm_4_field_4,2026-09-03,57.3,late,sugar_beet,8,18.0,0.4,sand,early,154,drip,farm_reservoir,26.6,0
farm_4,farm_4_field_4,2026-09-04,58.2,late,sugar_beet,9,18.0,0.3,sand,early,155,drip,farm_reservoir,26.6,0
farm_4,farm_4_field_4,2026-09-05,49.9,late,sugar_beet,10,18.0,0.0,sand,early,156,drip,farm_reservoir,26.6,0
farm_4,farm_4_field_4,2026-09-06,49.8,late,sugar_beet,11,18.0,0.0,sand,early,157,drip,farm_reservoir,26.6,0
farm_4,farm_4_field_4,2026-09-07,45.7,late,sugar_beet,12,18.0,0.0,sand,early,158,drip,farm_reservoir,26.6,0
farm_4,farm_4_field_4,2026-09-08,41.8,late,sugar_beet,13,18.0,0.2,sand,early,159,drip,farm_reservoir,26.6,0
farm_4,farm_4_field_4,2026-09-09,39.0,late,sugar_beet,14,18.0,0.1,sand,early,160,drip,farm_reservoir,26.6,0
farm_4,farm_4_field_4,2026-09-10,40.9,late,sugar_beet,15,18.0,0.3,sand,early,161,drip,farm_reservoir,26.6,1
farm_4,farm_4_field_4,2026-09-11,30.0,late,sugar_beet,16,18.0,0.6,sand,early,162,drip,farm_reservoir,26.6,1
farm_4,farm_4_field_4,2026-09-12,29.7,late,sugar_beet,17,18.0,0.1,sand,early,163,drip,farm_reservoir,26.6,1
farm_4,farm_4_field_4,2026-09-13,19.1,late,sugar_beet,18,18.0,0.0,sand,early,164,drip,farm_reservoir,26.6,1
farm_4,farm_4_field_4,2026-09-14,56.3,late,sugar_beet,1,18.0,2.0,sand,early,165,drip,farm_reservoir,26.6,0
farm_4,farm_4_field_4,2026-09-15,45.9,late,sugar_beet,2,18.0,0.2,sand,early,166,drip,farm_reservoir,26.6,0
farm_4,farm_4_field_4,2026-09-16,46.5,late,sugar_beet,3,18.0,4.7,sand,early,167,drip,farm_reservoir,26.6,0
farm_4,farm_4_field_4,2026-09-17,51.9,late,sugar_beet,4,18.0,2.0,sand,early,168,drip,farm_reservoir,26.6,0
farm_4,farm_4_field_4,2026-09-18,45.0,late,sugar_beet,5,18.0,0.0,sand,early,169,drip,farm_reservoir,26.6,0
farm_4,farm_4_field_4,2026-09-19,47.5,late,sugar_beet,6,18.0,0.0,sand,early,170,drip,farm_reservoir,26.6,0
farm_4,farm_4_field_4,2026-09-20,44.4,late,sugar_beet,7,18.0,0.1,sand,early,171,drip,farm_reservoir,26.6,0
farm_4,farm_4_field_4,2026-09-21,39.7,late,sugar_beet,8,18.0,0.0,sand,early,172,drip,farm_reservoir,26.6,0
farm_4,farm_4_field_4,2026-09-22,35.4,late,sugar_beet,9,18.0,0.2,sand,early,173,drip,farm_reservoir,26.6,0
farm_4,farm_4_field_4,2026-09-23,36.6,late,sugar_beet,10,18.0,0.0,sand,early,174,drip,farm_reservoir,26.6,1
farm_4,farm_4_field_4,2026-09-24,57.1,late,sugar_beet,1,18.0,0.0,sand,early,175,drip,farm_reservoir,26.6,0
farm_4,farm_4_field_4,2026-09-25,60.0,late,sugar_beet,2,18.0,0.0,sand,early,176,drip,farm_reservoir,26.6,0
farm_4,farm_4_field_4,2026-09-26,55.4,late,sugar_beet,3,18.0,0.5,sand,early,177,drip,farm_reservoir,26.6,0
farm_4,farm_4_field_4,2026-09-27,50.9,late,sugar_beet,4,18.0,0.0,sand,early,178,drip,farm_reservoir,26.6,0
farm_4,farm_4_field_4,2026-09-28,50.0,late,sugar_beet,5,18.0,0.0,sand,early,179,drip,farm_reservoir,26.6,0
farm_4,farm_4_field_4,2026-09-29,46.0,late,sugar_beet,6,18.0,0.0,sand,early,180,drip,farm_reservoir,26.6,0
farm_4,farm_4_field_4,2026-09-30,43.3,late,sugar_beet,7,18.0,0.2,sand,early,181,drip,farm_reservoir,26.6,0
farm_4,farm_4_field_5,2026-04-15,73.8,initial,potato,1,0.0,0.0,loamy_sand,medium,1,hose_reel,farm_reservoir,39.9,0
farm_4,farm_4_field_5,2026-04-16,77.6,initial,potato,2,0.0,4.5,loamy_sand,medium,2,hose_reel,farm_reservoir,39.9,0
farm_4,farm_4_field_5,2026-04-17,75.8,initial,potato,3,0.0,0.0,loamy_sand,medium,3,hose_reel,farm_reservoir,39.9,0
farm_4,farm_4_field_5,2026-04-18,73.3,initial,potato,4,0.0,0.0,loamy_sand,medium,4,hose_reel,farm_reservoir,39.9,0
farm_4,farm_4_field_5,2026-04-19,78.1,initial,potato,5,0.0,0.0,loamy_sand,medium,5,hose_reel,farm_reservoir,39.9,0
farm_4,farm_4_field_5,2026-04-20,75.5,initial,potato,6,0.0,0.0,loamy_sand,medium,6,hose_reel,farm_reservoir,39.9,0
farm_4,farm_4_field_5,2026-04-21,76.8,initial,potato,7,0.0,0.0,loamy_sand,medium,7,hose_reel,farm_reservoir,39.9,0
farm_4,farm_4_field_5,2026-04-22,75.9,initial,potato,8,0.0,3.9,loamy_sand,medium,8,hose_reel,farm_reservoir,39.9,0
farm_4,farm_4_field_5,2026-04-23,73.1,initial,potato,9,0.0,0.1,loamy_sand,medium,9,hose_reel,farm_reservoir,39.9,0
farm_4,farm_4_field_5,2026-04-24,72.3,initial,potato,10,0.0,0.4,loamy_sand,medium,10,hose_reel,farm_reservoir,39.9,0
farm_4,farm_4_field_5,2026-04-25,75.6,initial,potato,11,0.0,0.3,loamy_sand,medium,11,hose_reel,farm_reservoir,39.9,0
farm_4,farm_4_field_5,2026-04-26,75.6,initial,potato,12,0.0,0.0,loamy_sand,medium,12,hose_reel,farm_reservoir,39.9,0
farm_4,farm_4_field_5,2026-04-27,72.1,initial,potato,13,0.0,5.3,loamy_sand,medium,13,hose_reel,farm_reservoir,39.9,0
farm_4,farm_4_field_5,2026-04-28,75.5,initial,potato,14,0.0,0.0,loamy_sand,medium,14,hose_reel,farm_reservoir,39.9,0
farm_4,farm_4_field_5,2026-04-29,77.2,initial,potato,15,0.0,0.0,loamy_sand,medium,15,hose_reel,farm_reservoir,39.9,0
farm_4,farm_4_field_5,2026-04-30,75.3,initial,potato,16,0.0,1.3,loamy_sand,medium,16,hose_reel,farm_reservoir,39.9,0
farm_4,farm_4_field_5,2026-05-01,77.5,initial,potato,17,0.0,0.0,loamy_sand,medium,17,hose_reel,farm_reservoir,39.9,0
farm_4,farm_4_field_5,2026-05-02,72.9,initial,potato,18,0.0,0.2,loamy_sand,medium,18,hose_reel,farm_reservoir,39.9,0
farm_4,farm_4_field_5,2026-05-03,73.5,initial,potato,19,0.0,2.8,loamy_sand,medium,19,hose_reel,farm_reservoir,39.9,0
farm_4,farm_4_field_5,2026-05-04,67.6,initial,potato,20,0.0,0.5,loamy_sand,medium,20,hose_reel,farm_reservoir,39.9,0
farm_4,farm_4_field_5,2026-05-05,73.8,initial,potato,21,0.0,0.2,loamy_sand,medium,21,hose_reel,farm_reservoir,39.9,0
farm_4,farm_4_field_5,2026-05-06,71.8,initial,potato,22,0.0,0.0,loamy_sand,medium,22,hose_reel,farm_reservoir,39.9,0
farm_4,farm_4_field_5,2026-05-07,73.5,initial,potato,23,0.0,0.0,loamy_sand,medium,23,hose_reel,farm_reservoir,39.9,0
farm_4,farm_4_field_5,2026-05-08,69.5,initial,potato,24,0.0,0.0,loamy_sand,medium,24,hose_reel,farm_reservoir,39.9,0
farm_4,farm_4_field_5,2026-05-09,63.8,development,potato,25,0.0,1.0,loamy_sand,medium,25,hose_reel,farm_reservoir,39.9,0
farm_4,farm_4_field_5,2026-05-10,64.1,development,potato,26,0.0,0.0,loamy_sand,medium,26,hose_reel,farm_reservoir,39.9,0
farm_4,farm_4_field_5,2026-05-11,68.8,development,potato,27,0.0,0.1,loamy_sand,medium,27,hose_reel,farm_reservoir,39.9,0
farm_4,farm_4_field_5,2026-05-12,65.2,development,potato,28,0.0,0.0,loamy_sand,medium,28,hose_reel,farm_reservoir,39.9,0
farm_4,farm_4_field_5,2026-05-13,58.3,development,potato,29,0.0,0.2,loamy_sand,medium,29,hose_reel,farm_reservoir,39.9,0
farm_4,farm_4_field_5,2026-05-14,63.0,development,potato,30,0.0,0.0,loamy_sand,medium,30,hose_reel,farm_reservoir,39.9,0
farm_4,farm_4_field_5,2026-05-15,62.6,development,potato,31,0.0,0.0,loamy_sand,medium,31,hose_reel,farm_reservoir,39.9,0
farm_4,farm_4_field_5,2026-05-16,56.6,development,potato,32,0.0,0.0,loamy_sand,medium,32,hose_reel,farm_reservoir,39.9,1
farm_4,farm_4_field_5,2026-05-17,47.1,development,potato,33,0.0,6.7,loamy_sand,medium,33,hose_reel,farm_reservoir,39.9,1
farm_4,farm_4_field_5,2026-05-18,60.6,development,potato,34,0.0,0.8,loamy_sand,medium,34,hose_reel,farm_reservoir,39.9,0
farm_4,farm_4_field_5,2026-05-19,59.0,development,potato,35,0.0,9.5,loamy_sand,medium,35,hose_reel,farm_reservoir,39.9,1
farm_4,farm_4_field_5,2026-05-20,98.1,development,potato,1,30.6,0.5,loamy_sand,medium,36,hose_reel,farm_reservoir,39.9,0
farm_4,farm_4_field_5,2026-05-21,95.1,development,potato,2,30.6,5.3,loamy_sand,medium,37,hose_reel,farm_reservoir,39.9,0
farm_4,farm_4_field_5,2026-05-22,93.2,development,potato,3,30.6,0.1,loamy_sand,medium,38,hose_reel,farm_reservoir,39.9,0
farm_4,farm_4_field_5,2026-05-23,92.2,development,potato,4,30.6,0.5,loamy_sand,medium,39,hose_reel,farm_reservoir,39.9,0
farm_4,farm_4_field_5,2026-05-24,88.6,development,potato,5,30.6,0.4,loamy_sand,medium,40,hose_reel,farm_reservoir,39.9,0
farm_4,farm_4_field_5,2026-05-25,81.1,development,potato,6,30.6,3.8,loamy_sand,medium,41,hose_reel,farm_reservoir,39.9,0
farm_4,farm_4_field_5,2026-05-26,91.9,development,potato,7,30.6,0.4,loamy_sand,medium,42,hose_reel,farm_reservoir,39.9,0
farm_4,farm_4_field_5,2026-05-27,90.0,development,potato,8,30.6,0.3,loamy_sand,medium,43,hose_reel,farm_reservoir,39.9,0
farm_4,farm_4_field_5,2026-05-28,83.7,development,potato,9,30.6,0.2,loamy_sand,medium,44,hose_reel,farm_reservoir,39.9,0
farm_4,farm_4_field_5,2026-05-29,81.0,development,potato,10,30.6,0.6,loamy_sand,medium,45,hose_reel,farm_reservoir,39.9,0
farm_4,farm_4_field_5,2026-05-30,85.0,development,potato,11,30.6,0.3,loamy_sand,medium,46,hose_reel,farm_reservoir,39.9,0
farm_4,farm_4_field_5,2026-05-31,74.2,development,potato,12,30.6,0.0,loamy_sand,medium,47,hose_reel,farm_reservoir,39.9,0
farm_4,farm_4_field_5,2026-06-01,73.4,development,potato,13,30.6,0.0,loamy_sand,medium,48,hose_reel,farm_reservoir,39.9,0
farm_4,farm_4_field_5,2026-06-02,69.4,development,potato,14,30.6,0.0,loamy_sand,medium,49,hose_reel,farm_reservoir,39.9,0
farm_4,farm_4_field_5,2026-06-03,71.0,development,potato,15,30.6,0.0,loamy_sand,medium,50,hose_reel,farm_reservoir,39.9,0
farm_4,farm_4_field_5,2026-06-04,68.0,development,potato,16,30.6,0.0,loamy_sand,medium,51,hose_reel,farm_reservoir,39.9,0
farm_4,farm_4_field_5,2026-06-05,63.6,development,potato,17,30.6,0.0,loamy_sand,medium,52,hose_reel,farm_reservoir,39.9,0
farm_4,farm_4_field_5,2026-06-06,57.6,development,potato,18,30.6,0.0,loamy_sand,medium,53,hose_reel,farm_reservoir,39.9,0
farm_4,farm_4_field_5,2026-06-07,57.2,development,potato,19,30.6,20.1,loamy_sand,medium,54,hose_reel,farm_reservoir,39.9,0
farm_4,farm_4_field_5,2026-06-08,71.9,sensitive,potato,20,30.6,20.2,loamy_sand,medium,55,hose_reel,farm_reservoir,39.9,0
farm_4,farm_4_field_5,2026-06-09,92.7,sensitive,potato,21,30.6,0.0,loamy_sand,medium,56,hose_reel,farm_reservoir,39.9,0
farm_4,farm_4_field_5,2026-06-10,89.7,sensitive,potato,22,30.6,0.3,loamy_sand,medium,57,hose_reel,farm_reservoir,39.9,0
farm_4,farm_4_field_5,2026-06-11,79.2,sensitive,potato,23,30.6,0.1,loamy_sand,medium,58,hose_reel,farm_reservoir,39.9,0
farm_4,farm_4_field_5,2026-06-12,77.4,sensitive,potato,24,30.6,0.0,loamy_sand,medium,59,hose_reel,farm_reservoir,39.9,0
farm_4,farm_4_field_5,2026-06-13,78.6,sensitive,potato,25,30.6,0.0,loamy_sand,medium,60,hose_reel,farm_reservoir,39.9,0
farm_4,farm_4_field_5,2026-06-14,70.5,sensitive,potato,26,30.6,0.2,loamy_sand,medium,61,hose_reel,farm_reservoir,39.9,0
farm_4,farm_4_field_5,2026-06-15,72.6,sensitive,potato,27,30.6,0.9,loamy_sand,medium,62,hose_reel,farm_reservoir,39.9,0
farm_4,farm_4_field_5,2026-06-16,61.6,sensitive,potato,28,30.6,0.2,loamy_sand,medium,63,hose_reel,farm_reservoir,39.9,1
farm_4,farm_4_field_5,2026-06-17,80.9,sensitive,potato,1,21.9,2.7,loamy_sand,medium,64,hose_reel,farm_reservoir,39.9,0
farm_4,farm_4_field_5,2026-06-18,78.0,sensitive,potato,2,21.9,24.4,loamy_sand,medium,65,hose_reel,farm_reservoir,39.9,0
farm_4,farm_4_field_5,2026-06-19,100.0,sensitive,potato,3,21.9,0.0,loamy_sand,medium,66,hose_reel,farm_reservoir,39.9,0
farm_4,farm_4_field_5,2026-06-20,100.0,sensitive,potato,4,21.9,0.1,loamy_sand,medium,67,hose_reel,farm_reservoir,39.9,0
farm_4,farm_4_field_5,2026-06-21,92.8,sensitive,potato,5,21.9,0.3,loamy_sand,medium,68,hose_reel,farm_reservoir,39.9,0
farm_4,farm_4_field_5,2026-06-22,90.2,sensitive,potato,6,21.9,0.1,loamy_sand,medium,69,hose_reel,farm_reservoir,39.9,0
farm_4,farm_4_field_5,2026-06-23,86.4,sensitive,potato,7,21.9,0.0,loamy_sand,medium,70,hose_reel,farm_reservoir,39.9,0
farm_4,farm_4_field_5,2026-06-24,84.6,sensitive,potato,8,21.9,0.0,loamy_sand,medium,71,hose_reel,farm_reservoir,39.9,0
farm_4,farm_4_field_5,2026-06-25,70.4,sensitive,potato,9,21.9,0.0,loamy_sand,medium,72,hose_reel,farm_reservoir,39.9,0
farm_4,farm_4_field_5,2026-06-26,76.8,sensitive,potato,10,21.9,0.0,loamy_sand,medium,73,hose_reel,farm_reservoir,39.9,0
farm_4,farm_4_field_5,2026-06-27,64.2,sensitive,potato,11,21.9,0.1,loamy_sand,medium,74,hose_reel,farm_reservoir,39.9,0
farm_4,farm_4_field_5,2026-06-28,64.4,sensitive,potato,12,21.9,2.6,loamy_sand,medium,75,hose_reel,farm_reservoir,39.9,1
farm_4,farm_4_field_5,2026-06-29,60.8,sensitive,potato,13,21.9,0.2,loamy_sand,medium,76,hose_reel,farm_reservoir,39.9,1
farm_4,farm_4_field_5,2026-06-30,78.8,sensitive,potato,1,23.3,0.3,loamy_sand,medium,77,hose_reel,farm_reservoir,39.9,0
farm_4,farm_4_field_5,2026-07-01,83.0,sensitive,potato,2,23.3,0.0,loamy_sand,medium,78,hose_reel,farm_reservoir,39.9,0
farm_4,farm_4_field_5,2026-07-02,72.8,sensitive,potato,3,23.3,0.2,loamy_sand,medium,79,hose_reel,farm_reservoir,39.9,0
farm_4,farm_4_field_5,2026-07-03,72.5,sensitive,potato,4,23.3,0.0,loamy_sand,medium,80,hose_reel,farm_reservoir,39.9,0
farm_4,farm_4_field_5,2026-07-04,63.6,sensitive,potato,5,23.3,0.0,loamy_sand,medium,81,hose_reel,farm_reservoir,39.9,1
farm_4,farm_4_field_5,2026-07-05,61.3,sensitive,potato,6,23.3,0.0,loamy_sand,medium,82,hose_reel,farm_reservoir,39.9,1
farm_4,farm_4_field_5,2026-07-06,52.5,sensitive,potato,7,23.3,0.2,loamy_sand,medium,83,hose_reel,farm_reservoir,39.9,1
farm_4,farm_4_field_5,2026-07-07,51.6,sensitive,potato,8,23.3,0.3,loamy_sand,medium,84,hose_reel,farm_reservoir,39.9,2
farm_4,farm_4_field_5,2026-07-08,81.4,sensitive,potato,1,36.1,1.1,loamy_sand,medium,85,hose_reel,farm_reservoir,39.9,0
farm_4,farm_4_field_5,2026-07-09,78.6,sensitive,potato,2,36.1,4.5,loamy_sand,medium,86,hose_reel,farm_reservoir,39.9,0
farm_4,farm_4_field_5,2026-07-10,80.2,sensitive,potato,3,36.1,0.0,loamy_sand,medium,87,hose_reel,farm_reservoir,39.9,0
farm_4,farm_4_field_5,2026-07-11,72.3,sensitive,potato,4,36.1,0.0,loamy_sand,medium,88,hose_reel,farm_reservoir,39.9,0
farm_4,farm_4_field_5,2026-07-12,72.9,sensitive,potato,5,36.1,0.2,loamy_sand,medium,89,hose_reel,farm_reservoir,39.9,0
farm_4,farm_4_field_5,2026-07-13,67.5,sensitive,potato,6,36.1,0.0,loamy_sand,medium,90,hose_reel,farm_reservoir,39.9,1
farm_4,farm_4_field_5,2026-07-14,65.2,sensitive,potato,7,36.1,0.0,loamy_sand,medium,91,hose_reel,farm_reservoir,39.9,1
farm_4,farm_4_field_5,2026-07-15,59.5,sensitive,potato,8,36.1,0.8,loamy_sand,medium,92,hose_reel,farm_reservoir,39.9,1
farm_4,farm_4_field_5,2026-07-16,55.5,sensitive,potato,9,36.1,0.1,loamy_sand,medium,93,hose_reel,farm_reservoir,39.9,1
farm_4,farm_4_field_5,2026-07-17,50.7,sensitive,potato,10,36.1,0.0,loamy_sand,medium,94,hose_reel,farm_reservoir,39.9,2
farm_4,farm_4_field_5,2026-07-18,81.2,sensitive,potato,1,37.2,0.1,loamy_sand,medium,95,hose_reel,farm_reservoir,39.9,0
farm_4,farm_4_field_5,2026-07-19,80.2,sensitive,potato,2,37.2,0.0,loamy_sand,medium,96,hose_reel,farm_reservoir,39.9,0
farm_4,farm_4_field_5,2026-07-20,72.8,sensitive,potato,3,37.2,0.3,loamy_sand,medium,97,hose_reel,farm_reservoir,39.9,0
farm_4,farm_4_field_5,2026-07-21,64.7,sensitive,potato,4,37.2,0.0,loamy_sand,medium,98,hose_reel,farm_reservoir,39.9,0
farm_4,farm_4_field_5,2026-07-22,58.5,sensitive,potato,5,37.2,0.1,loamy_sand,medium,99,hose_reel,farm_reservoir,39.9,1
farm_4,farm_4_field_5,2026-07-23,62.4,late,potato,6,37.2,0.2,loamy_sand,medium,100,hose_reel,farm_reservoir,39.9,0
farm_4,farm_4_field_5,2026-07-24,57.4,late,potato,7,37.2,0.0,loamy_sand,medium,101,hose_reel,farm_reservoir,39.9,0
farm_4,farm_4_field_5,2026-07-25,52.4,late,potato,8,37.2,0.4,loamy_sand,medium,102,hose_reel,farm_reservoir,39.9,0
farm_4,farm_4_field_5,2026-07-26,49.7,late,potato,9,37.2,0.0,loamy_sand,medium,103,hose_reel,farm_reservoir,39.9,0
farm_4,farm_4_field_5,2026-07-27,44.3,late,potato,10,37.2,2.8,loamy_sand,medium,104,hose_reel,farm_reservoir,39.9,0
farm_4,farm_4_field_5,2026-07-28,50.3,late,potato,11,37.2,0.2,loamy_sand,medium,105,hose_reel,farm_reservoir,39.9,0
farm_4,farm_4_field_5,2026-07-29,45.6,late,potato,12,37.2,7.3,loamy_sand,medium,106,hose_reel,farm_reservoir,39.9,1
farm_4,farm_4_field_5,2026-07-30,53.2,late,potato,13,37.2,0.8,loamy_sand,medium,107,hose_reel,farm_reservoir,39.9,0
farm_4,farm_4_field_5,2026-07-31,51.4,late,potato,14,37.2,0.6,loamy_sand,medium,108,hose_reel,farm_reservoir,39.9,0
farm_4,farm_4_field_5,2026-08-01,38.3,late,potato,15,37.2,0.0,loamy_sand,medium,109,hose_reel,farm_reservoir,39.9,1
farm_4,farm_4_field_5,2026-08-02,44.7,late,potato,16,37.2,0.0,loamy_sand,medium,110,hose_reel,farm_reservoir,39.9,1
farm_4,farm_4_field_5,2026-08-03,44.1,late,potato,17,37.2,0.9,loamy_sand,medium,111,hose_reel,farm_reservoir,39.9,1
farm_4,farm_4_field_5,2026-08-04,42.7,late,potato,18,37.2,0.4,loamy_sand,medium,112,hose_reel,farm_reservoir,39.9,1
farm_4,farm_4_field_5,2026-08-05,31.7,late,potato,19,37.2,0.0,loamy_sand,medium,113,hose_reel,farm_reservoir,39.9,1
farm_4,farm_4_field_5,2026-08-06,27.4,late,potato,20,37.2,8.9,loamy_sand,medium,114,hose_reel,farm_reservoir,39.9,1
farm_4,farm_4_field_5,2026-08-07,42.9,late,potato,21,37.2,0.2,loamy_sand,medium,115,hose_reel,farm_reservoir,39.9,1
farm_4,farm_4_field_5,2026-08-08,35.2,late,potato,22,37.2,0.1,loamy_sand,medium,116,hose_reel,farm_reservoir,39.9,1
farm_4,farm_4_field_5,2026-08-09,72.9,late,potato,1,40.0,0.5,loamy_sand,medium,117,hose_reel,farm_reservoir,39.9,0
farm_4,farm_4_field_5,2026-08-10,71.1,late,potato,2,40.0,0.0,loamy_sand,medium,118,hose_reel,farm_reservoir,39.9,0
farm_4,farm_4_field_5,2026-08-11,66.2,late,potato,3,40.0,1.7,loamy_sand,medium,119,hose_reel,farm_reservoir,39.9,0
farm_4,farm_4_field_5,2026-08-12,63.4,late,potato,4,40.0,0.4,loamy_sand,medium,120,hose_reel,farm_reservoir,39.9,0
farm_4,farm_4_field_5,2026-08-13,65.4,late,potato,5,40.0,0.0,loamy_sand,medium,121,hose_reel,farm_reservoir,39.9,0
farm_4,farm_4_field_5,2026-08-14,65.9,late,potato,6,40.0,0.0,loamy_sand,medium,122,hose_reel,farm_reservoir,39.9,0
farm_4,farm_4_field_5,2026-08-15,56.2,late,potato,7,40.0,0.0,loamy_sand,medium,123,hose_reel,farm_reservoir,39.9,0
farm_4,farm_4_field_5,2026-08-16,56.9,late,potato,8,40.0,0.0,loamy_sand,medium,124,hose_reel,farm_reservoir,39.9,0
farm_4,farm_4_field_5,2026-08-17,55.0,late,potato,9,40.0,0.0,loamy_sand,medium,125,hose_reel,farm_reservoir,39.9,0
farm_4,farm_4_field_5,2026-08-18,47.8,late,potato,10,40.0,0.0,loamy_sand,medium,126,hose_reel,farm_reservoir,39.9,0
farm_4,farm_4_field_5,2026-08-19,49.3,late,potato,11,40.0,0.0,loamy_sand,medium,127,hose_reel,farm_reservoir,39.9,0
farm_4,farm_4_field_5,2026-08-20,45.3,late,potato,12,40.0,0.5,loamy_sand,medium,128,hose_reel,farm_reservoir,39.9,1
farm_4,farm_4_field_5,2026-08-21,40.5,late,potato,13,40.0,0.2,loamy_sand,medium,129,hose_reel,farm_reservoir,39.9,1
farm_4,farm_4_field_5,2026-08-22,37.1,late,potato,14,40.0,0.0,loamy_sand,medium,130,hose_reel,farm_reservoir,39.9,1
farm_4,farm_4_field_5,2026-08-23,43.3,late,potato,15,40.0,0.0,loamy_sand,medium,131,hose_reel,farm_reservoir,39.9,1
farm_4,farm_4_field_5,2026-08-24,39.7,late,potato,16,40.0,0.4,loamy_sand,medium,132,hose_reel,farm_reservoir,39.9,1
farm_4,farm_4_field_5,2026-08-25,29.0,late,potato,17,40.0,0.0,loamy_sand,medium,133,hose_reel,farm_reservoir,39.9,1
farm_4,farm_4_field_5,2026-08-26,26.8,late,potato,18,40.0,0.0,loamy_sand,medium,134,hose_reel,farm_reservoir,39.9,2
farm_4,farm_4_field_5,2026-08-27,67.2,late,potato,1,40.0,0.0,loamy_sand,medium,135,hose_reel,farm_reservoir,39.9,0
farm_4,farm_4_field_5,2026-08-28,68.7,late,potato,2,40.0,16.1,loamy_sand,medium,136,hose_reel,farm_reservoir,39.9,0
farm_4,farm_4_field_5,2026-08-29,76.3,late,potato,3,40.0,0.0,loamy_sand,medium,137,hose_reel,farm_reservoir,39.9,0
farm_4,farm_4_field_5,2026-08-30,77.8,late,potato,4,40.0,0.2,loamy_sand,medium,138,hose_reel,farm_reservoir,39.9,0
farm_4,farm_4_field_5,2026-08-31,69.3,late,potato,5,40.0,0.5,loamy_sand,medium,139,hose_reel,farm_reservoir,39.9,0
farm_4,farm_4_field_5,2026-09-01,73.0,late,potato,6,40.0,0.0,loamy_sand,medium,140,hose_reel,farm_reservoir,39.9,0
farm_4,farm_4_field_5,2026-09-02,73.9,late,potato,7,40.0,0.1,loamy_sand,medium,141,hose_reel,farm_reservoir,39.9,0
farm_4,farm_4_field_5,2026-09-03,60.1,late,potato,8,40.0,0.4,loamy_sand,medium,142,hose_reel,farm_reservoir,39.9,0
farm_4,farm_4_field_5,2026-09-04,66.8,late,potato,9,40.0,0.3,loamy_sand,medium,143,hose_reel,farm_reservoir,39.9,0
farm_4,farm_4_field_5,2026-09-05,60.7,late,potato,10,40.0,0.0,loamy_sand,medium,144,hose_reel,farm_reservoir,39.9,0
farm_4,farm_4_field_5,2026-09-06,58.0,late,potato,11,40.0,0.0,loamy_sand,medium,145,hose_reel,farm_reservoir,39.9,0
farm_4,farm_4_field_5,2026-09-07,59.4,late,potato,12,40.0,0.0,loamy_sand,medium,146,hose_reel,farm_reservoir,39.9,0
farm_4,farm_4_field_5,2026-09-08,60.1,late,potato,13,40.0,0.2,loamy_sand,medium,147,hose_reel,farm_reservoir,39.9,0
farm_4,farm_4_field_5,2026-09-09,56.7,late,potato,14,40.0,0.1,loamy_sand,medium,148,hose_reel,farm_reservoir,39.9,0
farm_4,farm_4_field_5,2026-09-10,47.9,late,potato,15,40.0,0.3,loamy_sand,medium,149,hose_reel,farm_reservoir,39.9,0
farm_4,farm_4_field_5,2026-09-11,50.5,late,potato,16,40.0,0.6,loamy_sand,medium,150,hose_reel,farm_reservoir,39.9,0
farm_4,farm_4_field_5,2026-09-12,49.2,late,potato,17,40.0,0.1,loamy_sand,medium,151,hose_reel,farm_reservoir,39.9,0
farm_4,farm_4_field_5,2026-09-13,45.2,late,potato,18,40.0,0.0,loamy_sand,medium,152,hose_reel,farm_reservoir,39.9,0
farm_4,farm_4_field_5,2026-09-14,42.7,late,potato,19,40.0,2.0,loamy_sand,medium,153,hose_reel,farm_reservoir,39.9,1
farm_4,farm_4_field_5,2026-09-15,44.1,late,potato,20,40.0,0.2,loamy_sand,medium,154,hose_reel,farm_reservoir,39.9,1
farm_4,farm_4_field_5,2026-09-16,36.5,late,potato,21,40.0,4.7,loamy_sand,medium,155,hose_reel,farm_reservoir,39.9,1
farm_4,farm_4_field_5,2026-09-17,46.6,late,potato,22,40.0,2.0,loamy_sand,medium,156,hose_reel,farm_reservoir,39.9,1
farm_4,farm_4_field_5,2026-09-18,45.7,late,potato,23,40.0,0.0,loamy_sand,medium,157,hose_reel,farm_reservoir,39.9,1
farm_4,farm_4_field_5,2026-09-19,43.3,late,potato,24,40.0,0.0,loamy_sand,medium,158,hose_reel,farm_reservoir,39.9,1
farm_4,farm_4_field_5,2026-09-20,34.8,late,potato,25,40.0,0.1,loamy_sand,medium,159,hose_reel,farm_reservoir,39.9,1
farm_4,farm_4_field_5,2026-09-21,37.6,late,potato,26,40.0,0.0,loamy_sand,medium,160,hose_reel,farm_reservoir,39.9,1
farm_4,farm_4_field_5,2026-09-22,33.7,late,potato,27,40.0,0.2,loamy_sand,medium,161,hose_reel,farm_reservoir,39.9,1
farm_4,farm_4_field_5,2026-09-23,31.2,late,potato,28,40.0,0.0,loamy_sand,medium,162,hose_reel,farm_reservoir,39.9,1
farm_4,farm_4_field_5,2026-09-24,72.2,late,potato,1,40.0,0.0,loamy_sand,medium,163,hose_reel,farm_reservoir,39.9,0
farm_4,farm_4_field_5,2026-09-25,66.5,late,potato,2,40.0,0.0,loamy_sand,medium,164,hose_reel,farm_reservoir,39.9,0
farm_4,farm_4_field_5,2026-09-26,70.2,late,potato,3,40.0,0.5,loamy_sand,medium,165,hose_reel,farm_reservoir,39.9,0
farm_4,farm_4_field_5,2026-09-27,67.0,late,potato,4,40.0,0.0,loamy_sand,medium,166,hose_reel,farm_reservoir,39.9,0
farm_4,farm_4_field_5,2026-09-28,68.0,late,potato,5,40.0,0.0,loamy_sand,medium,167,hose_reel,farm_reservoir,39.9,0
farm_4,farm_4_field_5,2026-09-29,63.7,late,potato,6,40.0,0.0,loamy_sand,medium,168,hose_reel,farm_reservoir,39.9,0
farm_4,farm_4_field_5,2026-09-30,59.5,late,potato,7,40.0,0.2,loamy_sand,medium,169,hose_reel,farm_reservoir,39.9,0
